image_path,cluster
..\data\unlabeled\Scene_0\10\Scene_0_L2R_rgb_1.png,1
..\data\unlabeled\Scene_0\10\Scene_0_L2R_rgb_2.png,1
..\data\unlabeled\Scene_0\10\Scene_0_L2R_rgb_3.png,1
..\data\unlabeled\Scene_0\10\Scene_0_L2R_rgb_4.png,1
..\data\unlabeled\Scene_0\10\Scene_0_L2R_rgb_5.png,1
..\data\unlabeled\Scene_0\10\Scene_0_L2R_rgb_6.png,1
..\data\unlabeled\Scene_0\10\Scene_0_L2R_rgb_7.png,1
..\data\unlabeled\Scene_0\10\Scene_0_L2R_rgb_8.png,1
..\data\unlabeled\Scene_0\10\Scene_0_L2R_rgb_9.png,1
..\data\unlabeled\Scene_1\10\Scene_1_L2R_rgb_1.png,0
..\data\unlabeled\Scene_1\10\Scene_1_L2R_rgb_10.png,0
..\data\unlabeled\Scene_1\10\Scene_1_L2R_rgb_11.png,1
..\data\unlabeled\Scene_1\10\Scene_1_L2R_rgb_12.png,0
..\data\unlabeled\Scene_1\10\Scene_1_L2R_rgb_13.png,0
..\data\unlabeled\Scene_1\10\Scene_1_L2R_rgb_14.png,0
..\data\unlabeled\Scene_1\10\Scene_1_L2R_rgb_15.png,0
..\data\unlabeled\Scene_1\10\Scene_1_L2R_rgb_16.png,0
..\data\unlabeled\Scene_1\10\Scene_1_L2R_rgb_17.png,1
..\data\unlabeled\Scene_1\10\Scene_1_L2R_rgb_18.png,0
..\data\unlabeled\Scene_1\10\Scene_1_L2R_rgb_19.png,0
..\data\unlabeled\Scene_1\10\Scene_1_L2R_rgb_2.png,0
..\data\unlabeled\Scene_1\10\Scene_1_L2R_rgb_20.png,1
..\data\unlabeled\Scene_1\10\Scene_1_L2R_rgb_21.png,0
..\data\unlabeled\Scene_1\10\Scene_1_L2R_rgb_22.png,0
..\data\unlabeled\Scene_1\10\Scene_1_L2R_rgb_23.png,0
..\data\unlabeled\Scene_1\10\Scene_1_L2R_rgb_24.png,0
..\data\unlabeled\Scene_1\10\Scene_1_L2R_rgb_25.png,1
..\data\unlabeled\Scene_1\10\Scene_1_L2R_rgb_26.png,0
..\data\unlabeled\Scene_1\10\Scene_1_L2R_rgb_27.png,0
..\data\unlabeled\Scene_1\10\Scene_1_L2R_rgb_28.png,0
..\data\unlabeled\Scene_1\10\Scene_1_L2R_rgb_29.png,0
..\data\unlabeled\Scene_1\10\Scene_1_L2R_rgb_3.png,0
..\data\unlabeled\Scene_1\10\Scene_1_L2R_rgb_30.png,0
..\data\unlabeled\Scene_1\10\Scene_1_L2R_rgb_31.png,0
..\data\unlabeled\Scene_1\10\Scene_1_L2R_rgb_32.png,0
..\data\unlabeled\Scene_1\10\Scene_1_L2R_rgb_33.png,0
..\data\unlabeled\Scene_1\10\Scene_1_L2R_rgb_34.png,0
..\data\unlabeled\Scene_1\10\Scene_1_L2R_rgb_35.png,0
..\data\unlabeled\Scene_1\10\Scene_1_L2R_rgb_36.png,0
..\data\unlabeled\Scene_1\10\Scene_1_L2R_rgb_37.png,0
..\data\unlabeled\Scene_1\10\Scene_1_L2R_rgb_38.png,0
..\data\unlabeled\Scene_1\10\Scene_1_L2R_rgb_39.png,0
..\data\unlabeled\Scene_1\10\Scene_1_L2R_rgb_4.png,0
..\data\unlabeled\Scene_1\10\Scene_1_L2R_rgb_40.png,0
..\data\unlabeled\Scene_1\10\Scene_1_L2R_rgb_41.png,0
..\data\unlabeled\Scene_1\10\Scene_1_L2R_rgb_42.png,0
..\data\unlabeled\Scene_1\10\Scene_1_L2R_rgb_43.png,0
..\data\unlabeled\Scene_1\10\Scene_1_L2R_rgb_44.png,0
..\data\unlabeled\Scene_1\10\Scene_1_L2R_rgb_45.png,0
..\data\unlabeled\Scene_1\10\Scene_1_L2R_rgb_46.png,0
..\data\unlabeled\Scene_1\10\Scene_1_L2R_rgb_47.png,0
..\data\unlabeled\Scene_1\10\Scene_1_L2R_rgb_48.png,0
..\data\unlabeled\Scene_1\10\Scene_1_L2R_rgb_49.png,0
..\data\unlabeled\Scene_1\10\Scene_1_L2R_rgb_5.png,0
..\data\unlabeled\Scene_1\10\Scene_1_L2R_rgb_50.png,0
..\data\unlabeled\Scene_1\10\Scene_1_L2R_rgb_51.png,1
..\data\unlabeled\Scene_1\10\Scene_1_L2R_rgb_52.png,0
..\data\unlabeled\Scene_1\10\Scene_1_L2R_rgb_53.png,0
..\data\unlabeled\Scene_1\10\Scene_1_L2R_rgb_54.png,1
..\data\unlabeled\Scene_1\10\Scene_1_L2R_rgb_55.png,0
..\data\unlabeled\Scene_1\10\Scene_1_L2R_rgb_56.png,0
..\data\unlabeled\Scene_1\10\Scene_1_L2R_rgb_57.png,0
..\data\unlabeled\Scene_1\10\Scene_1_L2R_rgb_6.png,1
..\data\unlabeled\Scene_1\10\Scene_1_L2R_rgb_7.png,0
..\data\unlabeled\Scene_1\10\Scene_1_L2R_rgb_8.png,0
..\data\unlabeled\Scene_1\10\Scene_1_L2R_rgb_9.png,0
..\data\unlabeled\Scene_10\10\Scene_10_L2R_rgb_1.png,1
..\data\unlabeled\Scene_10\10\Scene_10_L2R_rgb_10.png,1
..\data\unlabeled\Scene_10\10\Scene_10_L2R_rgb_2.png,1
..\data\unlabeled\Scene_10\10\Scene_10_L2R_rgb_3.png,1
..\data\unlabeled\Scene_10\10\Scene_10_L2R_rgb_4.png,1
..\data\unlabeled\Scene_10\10\Scene_10_L2R_rgb_5.png,1
..\data\unlabeled\Scene_10\10\Scene_10_L2R_rgb_6.png,1
..\data\unlabeled\Scene_10\10\Scene_10_L2R_rgb_7.png,1
..\data\unlabeled\Scene_10\10\Scene_10_L2R_rgb_8.png,1
..\data\unlabeled\Scene_10\10\Scene_10_L2R_rgb_9.png,1
..\data\unlabeled\Scene_100\10\Scene_100_L2R_rgb_1.png,0
..\data\unlabeled\Scene_100\10\Scene_100_L2R_rgb_10.png,0
..\data\unlabeled\Scene_100\10\Scene_100_L2R_rgb_11.png,0
..\data\unlabeled\Scene_100\10\Scene_100_L2R_rgb_12.png,0
..\data\unlabeled\Scene_100\10\Scene_100_L2R_rgb_13.png,0
..\data\unlabeled\Scene_100\10\Scene_100_L2R_rgb_2.png,0
..\data\unlabeled\Scene_100\10\Scene_100_L2R_rgb_3.png,0
..\data\unlabeled\Scene_100\10\Scene_100_L2R_rgb_4.png,0
..\data\unlabeled\Scene_100\10\Scene_100_L2R_rgb_5.png,0
..\data\unlabeled\Scene_100\10\Scene_100_L2R_rgb_6.png,0
..\data\unlabeled\Scene_100\10\Scene_100_L2R_rgb_7.png,0
..\data\unlabeled\Scene_100\10\Scene_100_L2R_rgb_8.png,0
..\data\unlabeled\Scene_100\10\Scene_100_L2R_rgb_9.png,0
..\data\unlabeled\Scene_101\10\Scene_101_L2R_rgb_1.png,1
..\data\unlabeled\Scene_101\10\Scene_101_L2R_rgb_2.png,1
..\data\unlabeled\Scene_101\10\Scene_101_L2R_rgb_3.png,1
..\data\unlabeled\Scene_101\10\Scene_101_L2R_rgb_4.png,0
..\data\unlabeled\Scene_101\10\Scene_101_L2R_rgb_5.png,0
..\data\unlabeled\Scene_101\10\Scene_101_L2R_rgb_6.png,0
..\data\unlabeled\Scene_102\10\Scene_102_L2R_rgb_1.png,1
..\data\unlabeled\Scene_102\10\Scene_102_L2R_rgb_2.png,1
..\data\unlabeled\Scene_103\10\Scene_103_L2R_rgb_1.png,0
..\data\unlabeled\Scene_103\10\Scene_103_L2R_rgb_2.png,1
..\data\unlabeled\Scene_104\10\Scene_104_L2R_rgb_1.png,1
..\data\unlabeled\Scene_104\10\Scene_104_L2R_rgb_10.png,1
..\data\unlabeled\Scene_104\10\Scene_104_L2R_rgb_11.png,1
..\data\unlabeled\Scene_104\10\Scene_104_L2R_rgb_12.png,1
..\data\unlabeled\Scene_104\10\Scene_104_L2R_rgb_2.png,1
..\data\unlabeled\Scene_104\10\Scene_104_L2R_rgb_3.png,1
..\data\unlabeled\Scene_104\10\Scene_104_L2R_rgb_4.png,1
..\data\unlabeled\Scene_104\10\Scene_104_L2R_rgb_5.png,1
..\data\unlabeled\Scene_104\10\Scene_104_L2R_rgb_6.png,1
..\data\unlabeled\Scene_104\10\Scene_104_L2R_rgb_7.png,1
..\data\unlabeled\Scene_104\10\Scene_104_L2R_rgb_8.png,1
..\data\unlabeled\Scene_104\10\Scene_104_L2R_rgb_9.png,1
..\data\unlabeled\Scene_105\10\Scene_105_L2R_rgb_1.png,0
..\data\unlabeled\Scene_105\10\Scene_105_L2R_rgb_10.png,0
..\data\unlabeled\Scene_105\10\Scene_105_L2R_rgb_11.png,0
..\data\unlabeled\Scene_105\10\Scene_105_L2R_rgb_12.png,0
..\data\unlabeled\Scene_105\10\Scene_105_L2R_rgb_13.png,0
..\data\unlabeled\Scene_105\10\Scene_105_L2R_rgb_2.png,0
..\data\unlabeled\Scene_105\10\Scene_105_L2R_rgb_3.png,0
..\data\unlabeled\Scene_105\10\Scene_105_L2R_rgb_4.png,0
..\data\unlabeled\Scene_105\10\Scene_105_L2R_rgb_5.png,0
..\data\unlabeled\Scene_105\10\Scene_105_L2R_rgb_6.png,0
..\data\unlabeled\Scene_105\10\Scene_105_L2R_rgb_7.png,0
..\data\unlabeled\Scene_105\10\Scene_105_L2R_rgb_8.png,0
..\data\unlabeled\Scene_105\10\Scene_105_L2R_rgb_9.png,0
..\data\unlabeled\Scene_106\10\Scene_106_L2R_rgb_1.png,1
..\data\unlabeled\Scene_106\10\Scene_106_L2R_rgb_2.png,1
..\data\unlabeled\Scene_106\10\Scene_106_L2R_rgb_3.png,1
..\data\unlabeled\Scene_106\10\Scene_106_L2R_rgb_4.png,1
..\data\unlabeled\Scene_106\10\Scene_106_L2R_rgb_5.png,1
..\data\unlabeled\Scene_106\10\Scene_106_L2R_rgb_6.png,1
..\data\unlabeled\Scene_106\10\Scene_106_L2R_rgb_7.png,1
..\data\unlabeled\Scene_106\10\Scene_106_L2R_rgb_8.png,1
..\data\unlabeled\Scene_107\10\Scene_107_L2R_rgb_1.png,1
..\data\unlabeled\Scene_107\10\Scene_107_L2R_rgb_2.png,1
..\data\unlabeled\Scene_107\10\Scene_107_L2R_rgb_3.png,1
..\data\unlabeled\Scene_107\10\Scene_107_L2R_rgb_4.png,1
..\data\unlabeled\Scene_107\10\Scene_107_L2R_rgb_5.png,1
..\data\unlabeled\Scene_107\10\Scene_107_L2R_rgb_6.png,1
..\data\unlabeled\Scene_107\10\Scene_107_L2R_rgb_7.png,1
..\data\unlabeled\Scene_107\10\Scene_107_L2R_rgb_8.png,1
..\data\unlabeled\Scene_108\10\Scene_108_L2R_rgb_1.png,1
..\data\unlabeled\Scene_108\10\Scene_108_L2R_rgb_10.png,1
..\data\unlabeled\Scene_108\10\Scene_108_L2R_rgb_11.png,1
..\data\unlabeled\Scene_108\10\Scene_108_L2R_rgb_12.png,1
..\data\unlabeled\Scene_108\10\Scene_108_L2R_rgb_13.png,1
..\data\unlabeled\Scene_108\10\Scene_108_L2R_rgb_14.png,1
..\data\unlabeled\Scene_108\10\Scene_108_L2R_rgb_15.png,1
..\data\unlabeled\Scene_108\10\Scene_108_L2R_rgb_16.png,1
..\data\unlabeled\Scene_108\10\Scene_108_L2R_rgb_17.png,1
..\data\unlabeled\Scene_108\10\Scene_108_L2R_rgb_18.png,1
..\data\unlabeled\Scene_108\10\Scene_108_L2R_rgb_19.png,1
..\data\unlabeled\Scene_108\10\Scene_108_L2R_rgb_2.png,1
..\data\unlabeled\Scene_108\10\Scene_108_L2R_rgb_20.png,1
..\data\unlabeled\Scene_108\10\Scene_108_L2R_rgb_21.png,1
..\data\unlabeled\Scene_108\10\Scene_108_L2R_rgb_22.png,1
..\data\unlabeled\Scene_108\10\Scene_108_L2R_rgb_23.png,1
..\data\unlabeled\Scene_108\10\Scene_108_L2R_rgb_24.png,1
..\data\unlabeled\Scene_108\10\Scene_108_L2R_rgb_25.png,0
..\data\unlabeled\Scene_108\10\Scene_108_L2R_rgb_26.png,1
..\data\unlabeled\Scene_108\10\Scene_108_L2R_rgb_27.png,1
..\data\unlabeled\Scene_108\10\Scene_108_L2R_rgb_28.png,1
..\data\unlabeled\Scene_108\10\Scene_108_L2R_rgb_29.png,1
..\data\unlabeled\Scene_108\10\Scene_108_L2R_rgb_3.png,1
..\data\unlabeled\Scene_108\10\Scene_108_L2R_rgb_30.png,1
..\data\unlabeled\Scene_108\10\Scene_108_L2R_rgb_31.png,1
..\data\unlabeled\Scene_108\10\Scene_108_L2R_rgb_32.png,1
..\data\unlabeled\Scene_108\10\Scene_108_L2R_rgb_33.png,1
..\data\unlabeled\Scene_108\10\Scene_108_L2R_rgb_34.png,1
..\data\unlabeled\Scene_108\10\Scene_108_L2R_rgb_35.png,1
..\data\unlabeled\Scene_108\10\Scene_108_L2R_rgb_36.png,1
..\data\unlabeled\Scene_108\10\Scene_108_L2R_rgb_37.png,1
..\data\unlabeled\Scene_108\10\Scene_108_L2R_rgb_38.png,1
..\data\unlabeled\Scene_108\10\Scene_108_L2R_rgb_39.png,1
..\data\unlabeled\Scene_108\10\Scene_108_L2R_rgb_4.png,1
..\data\unlabeled\Scene_108\10\Scene_108_L2R_rgb_40.png,1
..\data\unlabeled\Scene_108\10\Scene_108_L2R_rgb_41.png,1
..\data\unlabeled\Scene_108\10\Scene_108_L2R_rgb_5.png,1
..\data\unlabeled\Scene_108\10\Scene_108_L2R_rgb_6.png,1
..\data\unlabeled\Scene_108\10\Scene_108_L2R_rgb_7.png,1
..\data\unlabeled\Scene_108\10\Scene_108_L2R_rgb_8.png,1
..\data\unlabeled\Scene_108\10\Scene_108_L2R_rgb_9.png,1
..\data\unlabeled\Scene_109\10\Scene_109_L2R_rgb_1.png,0
..\data\unlabeled\Scene_109\10\Scene_109_L2R_rgb_10.png,0
..\data\unlabeled\Scene_109\10\Scene_109_L2R_rgb_11.png,0
..\data\unlabeled\Scene_109\10\Scene_109_L2R_rgb_12.png,0
..\data\unlabeled\Scene_109\10\Scene_109_L2R_rgb_13.png,0
..\data\unlabeled\Scene_109\10\Scene_109_L2R_rgb_14.png,0
..\data\unlabeled\Scene_109\10\Scene_109_L2R_rgb_15.png,0
..\data\unlabeled\Scene_109\10\Scene_109_L2R_rgb_16.png,0
..\data\unlabeled\Scene_109\10\Scene_109_L2R_rgb_17.png,0
..\data\unlabeled\Scene_109\10\Scene_109_L2R_rgb_18.png,0
..\data\unlabeled\Scene_109\10\Scene_109_L2R_rgb_19.png,0
..\data\unlabeled\Scene_109\10\Scene_109_L2R_rgb_2.png,0
..\data\unlabeled\Scene_109\10\Scene_109_L2R_rgb_20.png,0
..\data\unlabeled\Scene_109\10\Scene_109_L2R_rgb_21.png,0
..\data\unlabeled\Scene_109\10\Scene_109_L2R_rgb_22.png,0
..\data\unlabeled\Scene_109\10\Scene_109_L2R_rgb_23.png,0
..\data\unlabeled\Scene_109\10\Scene_109_L2R_rgb_24.png,0
..\data\unlabeled\Scene_109\10\Scene_109_L2R_rgb_25.png,0
..\data\unlabeled\Scene_109\10\Scene_109_L2R_rgb_26.png,0
..\data\unlabeled\Scene_109\10\Scene_109_L2R_rgb_27.png,0
..\data\unlabeled\Scene_109\10\Scene_109_L2R_rgb_28.png,0
..\data\unlabeled\Scene_109\10\Scene_109_L2R_rgb_29.png,0
..\data\unlabeled\Scene_109\10\Scene_109_L2R_rgb_3.png,0
..\data\unlabeled\Scene_109\10\Scene_109_L2R_rgb_30.png,0
..\data\unlabeled\Scene_109\10\Scene_109_L2R_rgb_31.png,0
..\data\unlabeled\Scene_109\10\Scene_109_L2R_rgb_32.png,0
..\data\unlabeled\Scene_109\10\Scene_109_L2R_rgb_4.png,0
..\data\unlabeled\Scene_109\10\Scene_109_L2R_rgb_5.png,1
..\data\unlabeled\Scene_109\10\Scene_109_L2R_rgb_6.png,0
..\data\unlabeled\Scene_109\10\Scene_109_L2R_rgb_7.png,0
..\data\unlabeled\Scene_109\10\Scene_109_L2R_rgb_8.png,0
..\data\unlabeled\Scene_109\10\Scene_109_L2R_rgb_9.png,0
..\data\unlabeled\Scene_11\10\Scene_11_L2R_rgb_1.png,1
..\data\unlabeled\Scene_11\10\Scene_11_L2R_rgb_10.png,1
..\data\unlabeled\Scene_11\10\Scene_11_L2R_rgb_11.png,1
..\data\unlabeled\Scene_11\10\Scene_11_L2R_rgb_12.png,0
..\data\unlabeled\Scene_11\10\Scene_11_L2R_rgb_13.png,0
..\data\unlabeled\Scene_11\10\Scene_11_L2R_rgb_14.png,0
..\data\unlabeled\Scene_11\10\Scene_11_L2R_rgb_15.png,1
..\data\unlabeled\Scene_11\10\Scene_11_L2R_rgb_16.png,0
..\data\unlabeled\Scene_11\10\Scene_11_L2R_rgb_17.png,0
..\data\unlabeled\Scene_11\10\Scene_11_L2R_rgb_18.png,1
..\data\unlabeled\Scene_11\10\Scene_11_L2R_rgb_19.png,1
..\data\unlabeled\Scene_11\10\Scene_11_L2R_rgb_2.png,1
..\data\unlabeled\Scene_11\10\Scene_11_L2R_rgb_20.png,1
..\data\unlabeled\Scene_11\10\Scene_11_L2R_rgb_21.png,0
..\data\unlabeled\Scene_11\10\Scene_11_L2R_rgb_3.png,1
..\data\unlabeled\Scene_11\10\Scene_11_L2R_rgb_4.png,1
..\data\unlabeled\Scene_11\10\Scene_11_L2R_rgb_5.png,1
..\data\unlabeled\Scene_11\10\Scene_11_L2R_rgb_6.png,0
..\data\unlabeled\Scene_11\10\Scene_11_L2R_rgb_7.png,0
..\data\unlabeled\Scene_11\10\Scene_11_L2R_rgb_8.png,1
..\data\unlabeled\Scene_11\10\Scene_11_L2R_rgb_9.png,0
..\data\unlabeled\Scene_110\10\Scene_110_L2R_rgb_1.png,1
..\data\unlabeled\Scene_110\10\Scene_110_L2R_rgb_10.png,1
..\data\unlabeled\Scene_110\10\Scene_110_L2R_rgb_11.png,1
..\data\unlabeled\Scene_110\10\Scene_110_L2R_rgb_12.png,1
..\data\unlabeled\Scene_110\10\Scene_110_L2R_rgb_2.png,1
..\data\unlabeled\Scene_110\10\Scene_110_L2R_rgb_3.png,1
..\data\unlabeled\Scene_110\10\Scene_110_L2R_rgb_4.png,1
..\data\unlabeled\Scene_110\10\Scene_110_L2R_rgb_5.png,1
..\data\unlabeled\Scene_110\10\Scene_110_L2R_rgb_6.png,1
..\data\unlabeled\Scene_110\10\Scene_110_L2R_rgb_7.png,1
..\data\unlabeled\Scene_110\10\Scene_110_L2R_rgb_8.png,1
..\data\unlabeled\Scene_110\10\Scene_110_L2R_rgb_9.png,1
..\data\unlabeled\Scene_111\10\Scene_111_L2R_rgb_1.png,0
..\data\unlabeled\Scene_111\10\Scene_111_L2R_rgb_10.png,0
..\data\unlabeled\Scene_111\10\Scene_111_L2R_rgb_11.png,0
..\data\unlabeled\Scene_111\10\Scene_111_L2R_rgb_2.png,0
..\data\unlabeled\Scene_111\10\Scene_111_L2R_rgb_3.png,0
..\data\unlabeled\Scene_111\10\Scene_111_L2R_rgb_4.png,0
..\data\unlabeled\Scene_111\10\Scene_111_L2R_rgb_5.png,0
..\data\unlabeled\Scene_111\10\Scene_111_L2R_rgb_6.png,0
..\data\unlabeled\Scene_111\10\Scene_111_L2R_rgb_7.png,0
..\data\unlabeled\Scene_111\10\Scene_111_L2R_rgb_8.png,0
..\data\unlabeled\Scene_111\10\Scene_111_L2R_rgb_9.png,0
..\data\unlabeled\Scene_112\10\Scene_112_L2R_rgb_1.png,1
..\data\unlabeled\Scene_112\10\Scene_112_L2R_rgb_10.png,1
..\data\unlabeled\Scene_112\10\Scene_112_L2R_rgb_11.png,1
..\data\unlabeled\Scene_112\10\Scene_112_L2R_rgb_12.png,1
..\data\unlabeled\Scene_112\10\Scene_112_L2R_rgb_13.png,1
..\data\unlabeled\Scene_112\10\Scene_112_L2R_rgb_14.png,1
..\data\unlabeled\Scene_112\10\Scene_112_L2R_rgb_15.png,1
..\data\unlabeled\Scene_112\10\Scene_112_L2R_rgb_16.png,1
..\data\unlabeled\Scene_112\10\Scene_112_L2R_rgb_17.png,1
..\data\unlabeled\Scene_112\10\Scene_112_L2R_rgb_18.png,1
..\data\unlabeled\Scene_112\10\Scene_112_L2R_rgb_19.png,1
..\data\unlabeled\Scene_112\10\Scene_112_L2R_rgb_2.png,1
..\data\unlabeled\Scene_112\10\Scene_112_L2R_rgb_20.png,1
..\data\unlabeled\Scene_112\10\Scene_112_L2R_rgb_21.png,1
..\data\unlabeled\Scene_112\10\Scene_112_L2R_rgb_22.png,1
..\data\unlabeled\Scene_112\10\Scene_112_L2R_rgb_23.png,1
..\data\unlabeled\Scene_112\10\Scene_112_L2R_rgb_24.png,1
..\data\unlabeled\Scene_112\10\Scene_112_L2R_rgb_25.png,1
..\data\unlabeled\Scene_112\10\Scene_112_L2R_rgb_26.png,1
..\data\unlabeled\Scene_112\10\Scene_112_L2R_rgb_27.png,1
..\data\unlabeled\Scene_112\10\Scene_112_L2R_rgb_28.png,1
..\data\unlabeled\Scene_112\10\Scene_112_L2R_rgb_29.png,1
..\data\unlabeled\Scene_112\10\Scene_112_L2R_rgb_3.png,1
..\data\unlabeled\Scene_112\10\Scene_112_L2R_rgb_30.png,1
..\data\unlabeled\Scene_112\10\Scene_112_L2R_rgb_4.png,1
..\data\unlabeled\Scene_112\10\Scene_112_L2R_rgb_5.png,1
..\data\unlabeled\Scene_112\10\Scene_112_L2R_rgb_6.png,1
..\data\unlabeled\Scene_112\10\Scene_112_L2R_rgb_7.png,1
..\data\unlabeled\Scene_112\10\Scene_112_L2R_rgb_8.png,1
..\data\unlabeled\Scene_112\10\Scene_112_L2R_rgb_9.png,1
..\data\unlabeled\Scene_113\10\Scene_113_L2R_rgb_1.png,1
..\data\unlabeled\Scene_113\10\Scene_113_L2R_rgb_10.png,1
..\data\unlabeled\Scene_113\10\Scene_113_L2R_rgb_11.png,1
..\data\unlabeled\Scene_113\10\Scene_113_L2R_rgb_12.png,1
..\data\unlabeled\Scene_113\10\Scene_113_L2R_rgb_13.png,1
..\data\unlabeled\Scene_113\10\Scene_113_L2R_rgb_14.png,1
..\data\unlabeled\Scene_113\10\Scene_113_L2R_rgb_2.png,1
..\data\unlabeled\Scene_113\10\Scene_113_L2R_rgb_3.png,1
..\data\unlabeled\Scene_113\10\Scene_113_L2R_rgb_4.png,1
..\data\unlabeled\Scene_113\10\Scene_113_L2R_rgb_5.png,1
..\data\unlabeled\Scene_113\10\Scene_113_L2R_rgb_6.png,1
..\data\unlabeled\Scene_113\10\Scene_113_L2R_rgb_7.png,1
..\data\unlabeled\Scene_113\10\Scene_113_L2R_rgb_8.png,1
..\data\unlabeled\Scene_113\10\Scene_113_L2R_rgb_9.png,1
..\data\unlabeled\Scene_114\10\Scene_114_L2R_rgb_1.png,1
..\data\unlabeled\Scene_114\10\Scene_114_L2R_rgb_10.png,1
..\data\unlabeled\Scene_114\10\Scene_114_L2R_rgb_11.png,1
..\data\unlabeled\Scene_114\10\Scene_114_L2R_rgb_12.png,0
..\data\unlabeled\Scene_114\10\Scene_114_L2R_rgb_13.png,0
..\data\unlabeled\Scene_114\10\Scene_114_L2R_rgb_14.png,0
..\data\unlabeled\Scene_114\10\Scene_114_L2R_rgb_15.png,0
..\data\unlabeled\Scene_114\10\Scene_114_L2R_rgb_16.png,1
..\data\unlabeled\Scene_114\10\Scene_114_L2R_rgb_17.png,0
..\data\unlabeled\Scene_114\10\Scene_114_L2R_rgb_18.png,0
..\data\unlabeled\Scene_114\10\Scene_114_L2R_rgb_19.png,0
..\data\unlabeled\Scene_114\10\Scene_114_L2R_rgb_2.png,0
..\data\unlabeled\Scene_114\10\Scene_114_L2R_rgb_20.png,0
..\data\unlabeled\Scene_114\10\Scene_114_L2R_rgb_21.png,0
..\data\unlabeled\Scene_114\10\Scene_114_L2R_rgb_22.png,1
..\data\unlabeled\Scene_114\10\Scene_114_L2R_rgb_23.png,0
..\data\unlabeled\Scene_114\10\Scene_114_L2R_rgb_24.png,0
..\data\unlabeled\Scene_114\10\Scene_114_L2R_rgb_25.png,0
..\data\unlabeled\Scene_114\10\Scene_114_L2R_rgb_26.png,0
..\data\unlabeled\Scene_114\10\Scene_114_L2R_rgb_27.png,1
..\data\unlabeled\Scene_114\10\Scene_114_L2R_rgb_28.png,0
..\data\unlabeled\Scene_114\10\Scene_114_L2R_rgb_29.png,0
..\data\unlabeled\Scene_114\10\Scene_114_L2R_rgb_3.png,1
..\data\unlabeled\Scene_114\10\Scene_114_L2R_rgb_4.png,1
..\data\unlabeled\Scene_114\10\Scene_114_L2R_rgb_5.png,0
..\data\unlabeled\Scene_114\10\Scene_114_L2R_rgb_6.png,1
..\data\unlabeled\Scene_114\10\Scene_114_L2R_rgb_7.png,1
..\data\unlabeled\Scene_114\10\Scene_114_L2R_rgb_8.png,0
..\data\unlabeled\Scene_114\10\Scene_114_L2R_rgb_9.png,0
..\data\unlabeled\Scene_115\10\Scene_115_L2R_rgb_1.png,1
..\data\unlabeled\Scene_115\10\Scene_115_L2R_rgb_10.png,1
..\data\unlabeled\Scene_115\10\Scene_115_L2R_rgb_11.png,0
..\data\unlabeled\Scene_115\10\Scene_115_L2R_rgb_12.png,1
..\data\unlabeled\Scene_115\10\Scene_115_L2R_rgb_13.png,0
..\data\unlabeled\Scene_115\10\Scene_115_L2R_rgb_14.png,1
..\data\unlabeled\Scene_115\10\Scene_115_L2R_rgb_15.png,0
..\data\unlabeled\Scene_115\10\Scene_115_L2R_rgb_16.png,0
..\data\unlabeled\Scene_115\10\Scene_115_L2R_rgb_2.png,1
..\data\unlabeled\Scene_115\10\Scene_115_L2R_rgb_3.png,1
..\data\unlabeled\Scene_115\10\Scene_115_L2R_rgb_4.png,1
..\data\unlabeled\Scene_115\10\Scene_115_L2R_rgb_5.png,1
..\data\unlabeled\Scene_115\10\Scene_115_L2R_rgb_6.png,1
..\data\unlabeled\Scene_115\10\Scene_115_L2R_rgb_7.png,1
..\data\unlabeled\Scene_115\10\Scene_115_L2R_rgb_8.png,1
..\data\unlabeled\Scene_115\10\Scene_115_L2R_rgb_9.png,1
..\data\unlabeled\Scene_116\10\Scene_116_L2R_rgb_1.png,0
..\data\unlabeled\Scene_116\10\Scene_116_L2R_rgb_2.png,0
..\data\unlabeled\Scene_116\10\Scene_116_L2R_rgb_3.png,1
..\data\unlabeled\Scene_116\10\Scene_116_L2R_rgb_4.png,0
..\data\unlabeled\Scene_116\10\Scene_116_L2R_rgb_5.png,0
..\data\unlabeled\Scene_116\10\Scene_116_L2R_rgb_6.png,0
..\data\unlabeled\Scene_116\10\Scene_116_L2R_rgb_7.png,0
..\data\unlabeled\Scene_117\10\Scene_117_L2R_rgb_1.png,1
..\data\unlabeled\Scene_117\10\Scene_117_L2R_rgb_10.png,1
..\data\unlabeled\Scene_117\10\Scene_117_L2R_rgb_11.png,1
..\data\unlabeled\Scene_117\10\Scene_117_L2R_rgb_12.png,1
..\data\unlabeled\Scene_117\10\Scene_117_L2R_rgb_13.png,1
..\data\unlabeled\Scene_117\10\Scene_117_L2R_rgb_14.png,1
..\data\unlabeled\Scene_117\10\Scene_117_L2R_rgb_2.png,1
..\data\unlabeled\Scene_117\10\Scene_117_L2R_rgb_3.png,1
..\data\unlabeled\Scene_117\10\Scene_117_L2R_rgb_4.png,1
..\data\unlabeled\Scene_117\10\Scene_117_L2R_rgb_5.png,1
..\data\unlabeled\Scene_117\10\Scene_117_L2R_rgb_6.png,1
..\data\unlabeled\Scene_117\10\Scene_117_L2R_rgb_7.png,0
..\data\unlabeled\Scene_117\10\Scene_117_L2R_rgb_8.png,1
..\data\unlabeled\Scene_117\10\Scene_117_L2R_rgb_9.png,1
..\data\unlabeled\Scene_118\10\Scene_118_L2R_rgb_1.png,0
..\data\unlabeled\Scene_118\10\Scene_118_L2R_rgb_10.png,0
..\data\unlabeled\Scene_118\10\Scene_118_L2R_rgb_11.png,0
..\data\unlabeled\Scene_118\10\Scene_118_L2R_rgb_12.png,0
..\data\unlabeled\Scene_118\10\Scene_118_L2R_rgb_13.png,0
..\data\unlabeled\Scene_118\10\Scene_118_L2R_rgb_14.png,0
..\data\unlabeled\Scene_118\10\Scene_118_L2R_rgb_15.png,0
..\data\unlabeled\Scene_118\10\Scene_118_L2R_rgb_16.png,0
..\data\unlabeled\Scene_118\10\Scene_118_L2R_rgb_17.png,0
..\data\unlabeled\Scene_118\10\Scene_118_L2R_rgb_18.png,0
..\data\unlabeled\Scene_118\10\Scene_118_L2R_rgb_19.png,0
..\data\unlabeled\Scene_118\10\Scene_118_L2R_rgb_2.png,0
..\data\unlabeled\Scene_118\10\Scene_118_L2R_rgb_20.png,0
..\data\unlabeled\Scene_118\10\Scene_118_L2R_rgb_21.png,0
..\data\unlabeled\Scene_118\10\Scene_118_L2R_rgb_22.png,0
..\data\unlabeled\Scene_118\10\Scene_118_L2R_rgb_23.png,0
..\data\unlabeled\Scene_118\10\Scene_118_L2R_rgb_3.png,0
..\data\unlabeled\Scene_118\10\Scene_118_L2R_rgb_4.png,0
..\data\unlabeled\Scene_118\10\Scene_118_L2R_rgb_5.png,0
..\data\unlabeled\Scene_118\10\Scene_118_L2R_rgb_6.png,0
..\data\unlabeled\Scene_118\10\Scene_118_L2R_rgb_7.png,1
..\data\unlabeled\Scene_118\10\Scene_118_L2R_rgb_8.png,0
..\data\unlabeled\Scene_118\10\Scene_118_L2R_rgb_9.png,0
..\data\unlabeled\Scene_119\10\Scene_119_L2R_rgb_1.png,1
..\data\unlabeled\Scene_12\10\Scene_12_L2R_rgb_1.png,1
..\data\unlabeled\Scene_12\10\Scene_12_L2R_rgb_10.png,1
..\data\unlabeled\Scene_12\10\Scene_12_L2R_rgb_11.png,1
..\data\unlabeled\Scene_12\10\Scene_12_L2R_rgb_12.png,1
..\data\unlabeled\Scene_12\10\Scene_12_L2R_rgb_13.png,1
..\data\unlabeled\Scene_12\10\Scene_12_L2R_rgb_14.png,1
..\data\unlabeled\Scene_12\10\Scene_12_L2R_rgb_15.png,1
..\data\unlabeled\Scene_12\10\Scene_12_L2R_rgb_16.png,1
..\data\unlabeled\Scene_12\10\Scene_12_L2R_rgb_17.png,1
..\data\unlabeled\Scene_12\10\Scene_12_L2R_rgb_18.png,1
..\data\unlabeled\Scene_12\10\Scene_12_L2R_rgb_19.png,1
..\data\unlabeled\Scene_12\10\Scene_12_L2R_rgb_2.png,1
..\data\unlabeled\Scene_12\10\Scene_12_L2R_rgb_20.png,1
..\data\unlabeled\Scene_12\10\Scene_12_L2R_rgb_21.png,1
..\data\unlabeled\Scene_12\10\Scene_12_L2R_rgb_22.png,1
..\data\unlabeled\Scene_12\10\Scene_12_L2R_rgb_23.png,1
..\data\unlabeled\Scene_12\10\Scene_12_L2R_rgb_24.png,1
..\data\unlabeled\Scene_12\10\Scene_12_L2R_rgb_25.png,1
..\data\unlabeled\Scene_12\10\Scene_12_L2R_rgb_26.png,1
..\data\unlabeled\Scene_12\10\Scene_12_L2R_rgb_27.png,1
..\data\unlabeled\Scene_12\10\Scene_12_L2R_rgb_28.png,1
..\data\unlabeled\Scene_12\10\Scene_12_L2R_rgb_29.png,1
..\data\unlabeled\Scene_12\10\Scene_12_L2R_rgb_3.png,1
..\data\unlabeled\Scene_12\10\Scene_12_L2R_rgb_30.png,1
..\data\unlabeled\Scene_12\10\Scene_12_L2R_rgb_31.png,1
..\data\unlabeled\Scene_12\10\Scene_12_L2R_rgb_32.png,1
..\data\unlabeled\Scene_12\10\Scene_12_L2R_rgb_33.png,1
..\data\unlabeled\Scene_12\10\Scene_12_L2R_rgb_34.png,1
..\data\unlabeled\Scene_12\10\Scene_12_L2R_rgb_35.png,1
..\data\unlabeled\Scene_12\10\Scene_12_L2R_rgb_36.png,1
..\data\unlabeled\Scene_12\10\Scene_12_L2R_rgb_37.png,1
..\data\unlabeled\Scene_12\10\Scene_12_L2R_rgb_38.png,1
..\data\unlabeled\Scene_12\10\Scene_12_L2R_rgb_39.png,1
..\data\unlabeled\Scene_12\10\Scene_12_L2R_rgb_4.png,1
..\data\unlabeled\Scene_12\10\Scene_12_L2R_rgb_40.png,1
..\data\unlabeled\Scene_12\10\Scene_12_L2R_rgb_41.png,1
..\data\unlabeled\Scene_12\10\Scene_12_L2R_rgb_42.png,1
..\data\unlabeled\Scene_12\10\Scene_12_L2R_rgb_43.png,1
..\data\unlabeled\Scene_12\10\Scene_12_L2R_rgb_44.png,1
..\data\unlabeled\Scene_12\10\Scene_12_L2R_rgb_45.png,1
..\data\unlabeled\Scene_12\10\Scene_12_L2R_rgb_46.png,1
..\data\unlabeled\Scene_12\10\Scene_12_L2R_rgb_47.png,1
..\data\unlabeled\Scene_12\10\Scene_12_L2R_rgb_48.png,1
..\data\unlabeled\Scene_12\10\Scene_12_L2R_rgb_49.png,1
..\data\unlabeled\Scene_12\10\Scene_12_L2R_rgb_5.png,1
..\data\unlabeled\Scene_12\10\Scene_12_L2R_rgb_50.png,1
..\data\unlabeled\Scene_12\10\Scene_12_L2R_rgb_51.png,1
..\data\unlabeled\Scene_12\10\Scene_12_L2R_rgb_52.png,1
..\data\unlabeled\Scene_12\10\Scene_12_L2R_rgb_53.png,1
..\data\unlabeled\Scene_12\10\Scene_12_L2R_rgb_54.png,1
..\data\unlabeled\Scene_12\10\Scene_12_L2R_rgb_55.png,1
..\data\unlabeled\Scene_12\10\Scene_12_L2R_rgb_56.png,1
..\data\unlabeled\Scene_12\10\Scene_12_L2R_rgb_57.png,1
..\data\unlabeled\Scene_12\10\Scene_12_L2R_rgb_58.png,1
..\data\unlabeled\Scene_12\10\Scene_12_L2R_rgb_59.png,1
..\data\unlabeled\Scene_12\10\Scene_12_L2R_rgb_6.png,1
..\data\unlabeled\Scene_12\10\Scene_12_L2R_rgb_60.png,1
..\data\unlabeled\Scene_12\10\Scene_12_L2R_rgb_61.png,1
..\data\unlabeled\Scene_12\10\Scene_12_L2R_rgb_62.png,0
..\data\unlabeled\Scene_12\10\Scene_12_L2R_rgb_63.png,1
..\data\unlabeled\Scene_12\10\Scene_12_L2R_rgb_64.png,0
..\data\unlabeled\Scene_12\10\Scene_12_L2R_rgb_65.png,1
..\data\unlabeled\Scene_12\10\Scene_12_L2R_rgb_66.png,0
..\data\unlabeled\Scene_12\10\Scene_12_L2R_rgb_67.png,0
..\data\unlabeled\Scene_12\10\Scene_12_L2R_rgb_68.png,0
..\data\unlabeled\Scene_12\10\Scene_12_L2R_rgb_7.png,1
..\data\unlabeled\Scene_12\10\Scene_12_L2R_rgb_8.png,1
..\data\unlabeled\Scene_12\10\Scene_12_L2R_rgb_9.png,1
..\data\unlabeled\Scene_120\10\Scene_120_L2R_rgb_1.png,1
..\data\unlabeled\Scene_120\10\Scene_120_L2R_rgb_10.png,1
..\data\unlabeled\Scene_120\10\Scene_120_L2R_rgb_11.png,1
..\data\unlabeled\Scene_120\10\Scene_120_L2R_rgb_12.png,1
..\data\unlabeled\Scene_120\10\Scene_120_L2R_rgb_13.png,1
..\data\unlabeled\Scene_120\10\Scene_120_L2R_rgb_14.png,0
..\data\unlabeled\Scene_120\10\Scene_120_L2R_rgb_15.png,0
..\data\unlabeled\Scene_120\10\Scene_120_L2R_rgb_16.png,0
..\data\unlabeled\Scene_120\10\Scene_120_L2R_rgb_17.png,0
..\data\unlabeled\Scene_120\10\Scene_120_L2R_rgb_18.png,1
..\data\unlabeled\Scene_120\10\Scene_120_L2R_rgb_19.png,1
..\data\unlabeled\Scene_120\10\Scene_120_L2R_rgb_2.png,1
..\data\unlabeled\Scene_120\10\Scene_120_L2R_rgb_20.png,1
..\data\unlabeled\Scene_120\10\Scene_120_L2R_rgb_21.png,1
..\data\unlabeled\Scene_120\10\Scene_120_L2R_rgb_22.png,1
..\data\unlabeled\Scene_120\10\Scene_120_L2R_rgb_23.png,1
..\data\unlabeled\Scene_120\10\Scene_120_L2R_rgb_24.png,1
..\data\unlabeled\Scene_120\10\Scene_120_L2R_rgb_25.png,1
..\data\unlabeled\Scene_120\10\Scene_120_L2R_rgb_26.png,1
..\data\unlabeled\Scene_120\10\Scene_120_L2R_rgb_27.png,1
..\data\unlabeled\Scene_120\10\Scene_120_L2R_rgb_28.png,1
..\data\unlabeled\Scene_120\10\Scene_120_L2R_rgb_29.png,1
..\data\unlabeled\Scene_120\10\Scene_120_L2R_rgb_3.png,1
..\data\unlabeled\Scene_120\10\Scene_120_L2R_rgb_30.png,0
..\data\unlabeled\Scene_120\10\Scene_120_L2R_rgb_31.png,1
..\data\unlabeled\Scene_120\10\Scene_120_L2R_rgb_32.png,1
..\data\unlabeled\Scene_120\10\Scene_120_L2R_rgb_33.png,1
..\data\unlabeled\Scene_120\10\Scene_120_L2R_rgb_34.png,1
..\data\unlabeled\Scene_120\10\Scene_120_L2R_rgb_35.png,1
..\data\unlabeled\Scene_120\10\Scene_120_L2R_rgb_36.png,1
..\data\unlabeled\Scene_120\10\Scene_120_L2R_rgb_37.png,1
..\data\unlabeled\Scene_120\10\Scene_120_L2R_rgb_38.png,1
..\data\unlabeled\Scene_120\10\Scene_120_L2R_rgb_39.png,1
..\data\unlabeled\Scene_120\10\Scene_120_L2R_rgb_4.png,1
..\data\unlabeled\Scene_120\10\Scene_120_L2R_rgb_40.png,1
..\data\unlabeled\Scene_120\10\Scene_120_L2R_rgb_41.png,1
..\data\unlabeled\Scene_120\10\Scene_120_L2R_rgb_42.png,1
..\data\unlabeled\Scene_120\10\Scene_120_L2R_rgb_43.png,1
..\data\unlabeled\Scene_120\10\Scene_120_L2R_rgb_5.png,0
..\data\unlabeled\Scene_120\10\Scene_120_L2R_rgb_6.png,1
..\data\unlabeled\Scene_120\10\Scene_120_L2R_rgb_7.png,1
..\data\unlabeled\Scene_120\10\Scene_120_L2R_rgb_8.png,1
..\data\unlabeled\Scene_120\10\Scene_120_L2R_rgb_9.png,1
..\data\unlabeled\Scene_121\10\Scene_121_L2R_rgb_1.png,0
..\data\unlabeled\Scene_121\10\Scene_121_L2R_rgb_10.png,0
..\data\unlabeled\Scene_121\10\Scene_121_L2R_rgb_11.png,0
..\data\unlabeled\Scene_121\10\Scene_121_L2R_rgb_12.png,0
..\data\unlabeled\Scene_121\10\Scene_121_L2R_rgb_13.png,0
..\data\unlabeled\Scene_121\10\Scene_121_L2R_rgb_14.png,0
..\data\unlabeled\Scene_121\10\Scene_121_L2R_rgb_15.png,0
..\data\unlabeled\Scene_121\10\Scene_121_L2R_rgb_16.png,0
..\data\unlabeled\Scene_121\10\Scene_121_L2R_rgb_17.png,0
..\data\unlabeled\Scene_121\10\Scene_121_L2R_rgb_18.png,0
..\data\unlabeled\Scene_121\10\Scene_121_L2R_rgb_19.png,0
..\data\unlabeled\Scene_121\10\Scene_121_L2R_rgb_2.png,0
..\data\unlabeled\Scene_121\10\Scene_121_L2R_rgb_20.png,0
..\data\unlabeled\Scene_121\10\Scene_121_L2R_rgb_21.png,0
..\data\unlabeled\Scene_121\10\Scene_121_L2R_rgb_22.png,0
..\data\unlabeled\Scene_121\10\Scene_121_L2R_rgb_23.png,0
..\data\unlabeled\Scene_121\10\Scene_121_L2R_rgb_24.png,0
..\data\unlabeled\Scene_121\10\Scene_121_L2R_rgb_3.png,0
..\data\unlabeled\Scene_121\10\Scene_121_L2R_rgb_4.png,0
..\data\unlabeled\Scene_121\10\Scene_121_L2R_rgb_5.png,0
..\data\unlabeled\Scene_121\10\Scene_121_L2R_rgb_6.png,0
..\data\unlabeled\Scene_121\10\Scene_121_L2R_rgb_7.png,0
..\data\unlabeled\Scene_121\10\Scene_121_L2R_rgb_8.png,0
..\data\unlabeled\Scene_121\10\Scene_121_L2R_rgb_9.png,0
..\data\unlabeled\Scene_122\10\Scene_122_L2R_rgb_1.png,1
..\data\unlabeled\Scene_122\10\Scene_122_L2R_rgb_2.png,0
..\data\unlabeled\Scene_122\10\Scene_122_L2R_rgb_3.png,0
..\data\unlabeled\Scene_123\10\Scene_123_L2R_rgb_1.png,1
..\data\unlabeled\Scene_123\10\Scene_123_L2R_rgb_2.png,1
..\data\unlabeled\Scene_123\10\Scene_123_L2R_rgb_3.png,1
..\data\unlabeled\Scene_123\10\Scene_123_L2R_rgb_4.png,1
..\data\unlabeled\Scene_123\10\Scene_123_L2R_rgb_5.png,1
..\data\unlabeled\Scene_124\10\Scene_124_L2R_rgb_1.png,1
..\data\unlabeled\Scene_124\10\Scene_124_L2R_rgb_2.png,1
..\data\unlabeled\Scene_124\10\Scene_124_L2R_rgb_3.png,0
..\data\unlabeled\Scene_124\10\Scene_124_L2R_rgb_4.png,0
..\data\unlabeled\Scene_125\10\Scene_125_L2R_rgb_1.png,0
..\data\unlabeled\Scene_125\10\Scene_125_L2R_rgb_10.png,0
..\data\unlabeled\Scene_125\10\Scene_125_L2R_rgb_11.png,0
..\data\unlabeled\Scene_125\10\Scene_125_L2R_rgb_12.png,0
..\data\unlabeled\Scene_125\10\Scene_125_L2R_rgb_13.png,0
..\data\unlabeled\Scene_125\10\Scene_125_L2R_rgb_14.png,1
..\data\unlabeled\Scene_125\10\Scene_125_L2R_rgb_15.png,1
..\data\unlabeled\Scene_125\10\Scene_125_L2R_rgb_16.png,1
..\data\unlabeled\Scene_125\10\Scene_125_L2R_rgb_17.png,0
..\data\unlabeled\Scene_125\10\Scene_125_L2R_rgb_18.png,0
..\data\unlabeled\Scene_125\10\Scene_125_L2R_rgb_19.png,1
..\data\unlabeled\Scene_125\10\Scene_125_L2R_rgb_2.png,0
..\data\unlabeled\Scene_125\10\Scene_125_L2R_rgb_20.png,1
..\data\unlabeled\Scene_125\10\Scene_125_L2R_rgb_21.png,0
..\data\unlabeled\Scene_125\10\Scene_125_L2R_rgb_3.png,0
..\data\unlabeled\Scene_125\10\Scene_125_L2R_rgb_4.png,0
..\data\unlabeled\Scene_125\10\Scene_125_L2R_rgb_5.png,0
..\data\unlabeled\Scene_125\10\Scene_125_L2R_rgb_6.png,0
..\data\unlabeled\Scene_125\10\Scene_125_L2R_rgb_7.png,0
..\data\unlabeled\Scene_125\10\Scene_125_L2R_rgb_8.png,0
..\data\unlabeled\Scene_125\10\Scene_125_L2R_rgb_9.png,0
..\data\unlabeled\Scene_126\10\Scene_126_L2R_rgb_1.png,1
..\data\unlabeled\Scene_126\10\Scene_126_L2R_rgb_2.png,1
..\data\unlabeled\Scene_126\10\Scene_126_L2R_rgb_3.png,1
..\data\unlabeled\Scene_127\10\Scene_127_L2R_rgb_1.png,0
..\data\unlabeled\Scene_127\10\Scene_127_L2R_rgb_10.png,1
..\data\unlabeled\Scene_127\10\Scene_127_L2R_rgb_11.png,1
..\data\unlabeled\Scene_127\10\Scene_127_L2R_rgb_12.png,0
..\data\unlabeled\Scene_127\10\Scene_127_L2R_rgb_13.png,0
..\data\unlabeled\Scene_127\10\Scene_127_L2R_rgb_14.png,0
..\data\unlabeled\Scene_127\10\Scene_127_L2R_rgb_15.png,0
..\data\unlabeled\Scene_127\10\Scene_127_L2R_rgb_16.png,0
..\data\unlabeled\Scene_127\10\Scene_127_L2R_rgb_17.png,1
..\data\unlabeled\Scene_127\10\Scene_127_L2R_rgb_18.png,0
..\data\unlabeled\Scene_127\10\Scene_127_L2R_rgb_19.png,0
..\data\unlabeled\Scene_127\10\Scene_127_L2R_rgb_2.png,1
..\data\unlabeled\Scene_127\10\Scene_127_L2R_rgb_20.png,1
..\data\unlabeled\Scene_127\10\Scene_127_L2R_rgb_21.png,0
..\data\unlabeled\Scene_127\10\Scene_127_L2R_rgb_22.png,0
..\data\unlabeled\Scene_127\10\Scene_127_L2R_rgb_23.png,0
..\data\unlabeled\Scene_127\10\Scene_127_L2R_rgb_24.png,1
..\data\unlabeled\Scene_127\10\Scene_127_L2R_rgb_25.png,1
..\data\unlabeled\Scene_127\10\Scene_127_L2R_rgb_26.png,0
..\data\unlabeled\Scene_127\10\Scene_127_L2R_rgb_27.png,1
..\data\unlabeled\Scene_127\10\Scene_127_L2R_rgb_28.png,1
..\data\unlabeled\Scene_127\10\Scene_127_L2R_rgb_29.png,0
..\data\unlabeled\Scene_127\10\Scene_127_L2R_rgb_3.png,0
..\data\unlabeled\Scene_127\10\Scene_127_L2R_rgb_30.png,0
..\data\unlabeled\Scene_127\10\Scene_127_L2R_rgb_31.png,0
..\data\unlabeled\Scene_127\10\Scene_127_L2R_rgb_32.png,0
..\data\unlabeled\Scene_127\10\Scene_127_L2R_rgb_33.png,1
..\data\unlabeled\Scene_127\10\Scene_127_L2R_rgb_34.png,0
..\data\unlabeled\Scene_127\10\Scene_127_L2R_rgb_35.png,1
..\data\unlabeled\Scene_127\10\Scene_127_L2R_rgb_36.png,0
..\data\unlabeled\Scene_127\10\Scene_127_L2R_rgb_37.png,1
..\data\unlabeled\Scene_127\10\Scene_127_L2R_rgb_38.png,0
..\data\unlabeled\Scene_127\10\Scene_127_L2R_rgb_39.png,0
..\data\unlabeled\Scene_127\10\Scene_127_L2R_rgb_4.png,1
..\data\unlabeled\Scene_127\10\Scene_127_L2R_rgb_40.png,1
..\data\unlabeled\Scene_127\10\Scene_127_L2R_rgb_41.png,0
..\data\unlabeled\Scene_127\10\Scene_127_L2R_rgb_42.png,1
..\data\unlabeled\Scene_127\10\Scene_127_L2R_rgb_43.png,0
..\data\unlabeled\Scene_127\10\Scene_127_L2R_rgb_44.png,1
..\data\unlabeled\Scene_127\10\Scene_127_L2R_rgb_45.png,1
..\data\unlabeled\Scene_127\10\Scene_127_L2R_rgb_46.png,1
..\data\unlabeled\Scene_127\10\Scene_127_L2R_rgb_47.png,1
..\data\unlabeled\Scene_127\10\Scene_127_L2R_rgb_48.png,0
..\data\unlabeled\Scene_127\10\Scene_127_L2R_rgb_49.png,1
..\data\unlabeled\Scene_127\10\Scene_127_L2R_rgb_5.png,1
..\data\unlabeled\Scene_127\10\Scene_127_L2R_rgb_50.png,0
..\data\unlabeled\Scene_127\10\Scene_127_L2R_rgb_51.png,0
..\data\unlabeled\Scene_127\10\Scene_127_L2R_rgb_52.png,1
..\data\unlabeled\Scene_127\10\Scene_127_L2R_rgb_53.png,0
..\data\unlabeled\Scene_127\10\Scene_127_L2R_rgb_54.png,0
..\data\unlabeled\Scene_127\10\Scene_127_L2R_rgb_55.png,0
..\data\unlabeled\Scene_127\10\Scene_127_L2R_rgb_56.png,0
..\data\unlabeled\Scene_127\10\Scene_127_L2R_rgb_57.png,1
..\data\unlabeled\Scene_127\10\Scene_127_L2R_rgb_58.png,1
..\data\unlabeled\Scene_127\10\Scene_127_L2R_rgb_59.png,0
..\data\unlabeled\Scene_127\10\Scene_127_L2R_rgb_6.png,1
..\data\unlabeled\Scene_127\10\Scene_127_L2R_rgb_60.png,0
..\data\unlabeled\Scene_127\10\Scene_127_L2R_rgb_61.png,0
..\data\unlabeled\Scene_127\10\Scene_127_L2R_rgb_62.png,0
..\data\unlabeled\Scene_127\10\Scene_127_L2R_rgb_63.png,0
..\data\unlabeled\Scene_127\10\Scene_127_L2R_rgb_64.png,0
..\data\unlabeled\Scene_127\10\Scene_127_L2R_rgb_65.png,0
..\data\unlabeled\Scene_127\10\Scene_127_L2R_rgb_7.png,1
..\data\unlabeled\Scene_127\10\Scene_127_L2R_rgb_8.png,1
..\data\unlabeled\Scene_127\10\Scene_127_L2R_rgb_9.png,0
..\data\unlabeled\Scene_128\10\Scene_128_L2R_rgb_1.png,1
..\data\unlabeled\Scene_128\10\Scene_128_L2R_rgb_2.png,1
..\data\unlabeled\Scene_128\10\Scene_128_L2R_rgb_3.png,1
..\data\unlabeled\Scene_128\10\Scene_128_L2R_rgb_4.png,1
..\data\unlabeled\Scene_128\10\Scene_128_L2R_rgb_5.png,1
..\data\unlabeled\Scene_128\10\Scene_128_L2R_rgb_6.png,1
..\data\unlabeled\Scene_128\10\Scene_128_L2R_rgb_7.png,1
..\data\unlabeled\Scene_129\10\Scene_129_L2R_rgb_1.png,1
..\data\unlabeled\Scene_129\10\Scene_129_L2R_rgb_2.png,1
..\data\unlabeled\Scene_129\10\Scene_129_L2R_rgb_3.png,1
..\data\unlabeled\Scene_13\10\Scene_13_L2R_rgb_1.png,1
..\data\unlabeled\Scene_13\10\Scene_13_L2R_rgb_2.png,1
..\data\unlabeled\Scene_13\10\Scene_13_L2R_rgb_3.png,1
..\data\unlabeled\Scene_13\10\Scene_13_L2R_rgb_4.png,1
..\data\unlabeled\Scene_130\10\Scene_130_L2R_rgb_1.png,1
..\data\unlabeled\Scene_130\10\Scene_130_L2R_rgb_2.png,0
..\data\unlabeled\Scene_130\10\Scene_130_L2R_rgb_3.png,1
..\data\unlabeled\Scene_130\10\Scene_130_L2R_rgb_4.png,0
..\data\unlabeled\Scene_130\10\Scene_130_L2R_rgb_5.png,0
..\data\unlabeled\Scene_131\10\Scene_131_L2R_rgb_1.png,0
..\data\unlabeled\Scene_131\10\Scene_131_L2R_rgb_10.png,0
..\data\unlabeled\Scene_131\10\Scene_131_L2R_rgb_11.png,0
..\data\unlabeled\Scene_131\10\Scene_131_L2R_rgb_12.png,0
..\data\unlabeled\Scene_131\10\Scene_131_L2R_rgb_13.png,0
..\data\unlabeled\Scene_131\10\Scene_131_L2R_rgb_14.png,0
..\data\unlabeled\Scene_131\10\Scene_131_L2R_rgb_15.png,0
..\data\unlabeled\Scene_131\10\Scene_131_L2R_rgb_16.png,0
..\data\unlabeled\Scene_131\10\Scene_131_L2R_rgb_17.png,0
..\data\unlabeled\Scene_131\10\Scene_131_L2R_rgb_18.png,0
..\data\unlabeled\Scene_131\10\Scene_131_L2R_rgb_19.png,0
..\data\unlabeled\Scene_131\10\Scene_131_L2R_rgb_2.png,0
..\data\unlabeled\Scene_131\10\Scene_131_L2R_rgb_20.png,0
..\data\unlabeled\Scene_131\10\Scene_131_L2R_rgb_21.png,0
..\data\unlabeled\Scene_131\10\Scene_131_L2R_rgb_22.png,0
..\data\unlabeled\Scene_131\10\Scene_131_L2R_rgb_3.png,0
..\data\unlabeled\Scene_131\10\Scene_131_L2R_rgb_4.png,0
..\data\unlabeled\Scene_131\10\Scene_131_L2R_rgb_5.png,0
..\data\unlabeled\Scene_131\10\Scene_131_L2R_rgb_6.png,0
..\data\unlabeled\Scene_131\10\Scene_131_L2R_rgb_7.png,0
..\data\unlabeled\Scene_131\10\Scene_131_L2R_rgb_8.png,0
..\data\unlabeled\Scene_131\10\Scene_131_L2R_rgb_9.png,0
..\data\unlabeled\Scene_132\10\Scene_132_L2R_rgb_1.png,1
..\data\unlabeled\Scene_132\10\Scene_132_L2R_rgb_10.png,1
..\data\unlabeled\Scene_132\10\Scene_132_L2R_rgb_11.png,1
..\data\unlabeled\Scene_132\10\Scene_132_L2R_rgb_12.png,1
..\data\unlabeled\Scene_132\10\Scene_132_L2R_rgb_13.png,1
..\data\unlabeled\Scene_132\10\Scene_132_L2R_rgb_14.png,1
..\data\unlabeled\Scene_132\10\Scene_132_L2R_rgb_15.png,1
..\data\unlabeled\Scene_132\10\Scene_132_L2R_rgb_16.png,1
..\data\unlabeled\Scene_132\10\Scene_132_L2R_rgb_17.png,1
..\data\unlabeled\Scene_132\10\Scene_132_L2R_rgb_18.png,1
..\data\unlabeled\Scene_132\10\Scene_132_L2R_rgb_19.png,1
..\data\unlabeled\Scene_132\10\Scene_132_L2R_rgb_2.png,1
..\data\unlabeled\Scene_132\10\Scene_132_L2R_rgb_3.png,1
..\data\unlabeled\Scene_132\10\Scene_132_L2R_rgb_4.png,1
..\data\unlabeled\Scene_132\10\Scene_132_L2R_rgb_5.png,1
..\data\unlabeled\Scene_132\10\Scene_132_L2R_rgb_6.png,1
..\data\unlabeled\Scene_132\10\Scene_132_L2R_rgb_7.png,1
..\data\unlabeled\Scene_132\10\Scene_132_L2R_rgb_8.png,1
..\data\unlabeled\Scene_132\10\Scene_132_L2R_rgb_9.png,1
..\data\unlabeled\Scene_133\10\Scene_133_L2R_rgb_1.png,1
..\data\unlabeled\Scene_133\10\Scene_133_L2R_rgb_2.png,1
..\data\unlabeled\Scene_133\10\Scene_133_L2R_rgb_3.png,1
..\data\unlabeled\Scene_134\10\Scene_134_L2R_rgb_1.png,0
..\data\unlabeled\Scene_134\10\Scene_134_L2R_rgb_10.png,0
..\data\unlabeled\Scene_134\10\Scene_134_L2R_rgb_11.png,0
..\data\unlabeled\Scene_134\10\Scene_134_L2R_rgb_12.png,0
..\data\unlabeled\Scene_134\10\Scene_134_L2R_rgb_13.png,0
..\data\unlabeled\Scene_134\10\Scene_134_L2R_rgb_14.png,0
..\data\unlabeled\Scene_134\10\Scene_134_L2R_rgb_2.png,0
..\data\unlabeled\Scene_134\10\Scene_134_L2R_rgb_3.png,0
..\data\unlabeled\Scene_134\10\Scene_134_L2R_rgb_4.png,0
..\data\unlabeled\Scene_134\10\Scene_134_L2R_rgb_5.png,0
..\data\unlabeled\Scene_134\10\Scene_134_L2R_rgb_6.png,0
..\data\unlabeled\Scene_134\10\Scene_134_L2R_rgb_7.png,0
..\data\unlabeled\Scene_134\10\Scene_134_L2R_rgb_8.png,0
..\data\unlabeled\Scene_134\10\Scene_134_L2R_rgb_9.png,0
..\data\unlabeled\Scene_135\10\Scene_135_L2R_rgb_1.png,1
..\data\unlabeled\Scene_135\10\Scene_135_L2R_rgb_10.png,1
..\data\unlabeled\Scene_135\10\Scene_135_L2R_rgb_11.png,1
..\data\unlabeled\Scene_135\10\Scene_135_L2R_rgb_12.png,0
..\data\unlabeled\Scene_135\10\Scene_135_L2R_rgb_13.png,0
..\data\unlabeled\Scene_135\10\Scene_135_L2R_rgb_14.png,1
..\data\unlabeled\Scene_135\10\Scene_135_L2R_rgb_15.png,0
..\data\unlabeled\Scene_135\10\Scene_135_L2R_rgb_16.png,1
..\data\unlabeled\Scene_135\10\Scene_135_L2R_rgb_17.png,1
..\data\unlabeled\Scene_135\10\Scene_135_L2R_rgb_18.png,1
..\data\unlabeled\Scene_135\10\Scene_135_L2R_rgb_19.png,0
..\data\unlabeled\Scene_135\10\Scene_135_L2R_rgb_2.png,1
..\data\unlabeled\Scene_135\10\Scene_135_L2R_rgb_20.png,1
..\data\unlabeled\Scene_135\10\Scene_135_L2R_rgb_21.png,1
..\data\unlabeled\Scene_135\10\Scene_135_L2R_rgb_22.png,0
..\data\unlabeled\Scene_135\10\Scene_135_L2R_rgb_23.png,1
..\data\unlabeled\Scene_135\10\Scene_135_L2R_rgb_24.png,1
..\data\unlabeled\Scene_135\10\Scene_135_L2R_rgb_25.png,0
..\data\unlabeled\Scene_135\10\Scene_135_L2R_rgb_26.png,1
..\data\unlabeled\Scene_135\10\Scene_135_L2R_rgb_27.png,1
..\data\unlabeled\Scene_135\10\Scene_135_L2R_rgb_28.png,1
..\data\unlabeled\Scene_135\10\Scene_135_L2R_rgb_29.png,1
..\data\unlabeled\Scene_135\10\Scene_135_L2R_rgb_3.png,1
..\data\unlabeled\Scene_135\10\Scene_135_L2R_rgb_30.png,1
..\data\unlabeled\Scene_135\10\Scene_135_L2R_rgb_31.png,1
..\data\unlabeled\Scene_135\10\Scene_135_L2R_rgb_32.png,1
..\data\unlabeled\Scene_135\10\Scene_135_L2R_rgb_33.png,1
..\data\unlabeled\Scene_135\10\Scene_135_L2R_rgb_34.png,1
..\data\unlabeled\Scene_135\10\Scene_135_L2R_rgb_35.png,1
..\data\unlabeled\Scene_135\10\Scene_135_L2R_rgb_36.png,0
..\data\unlabeled\Scene_135\10\Scene_135_L2R_rgb_37.png,0
..\data\unlabeled\Scene_135\10\Scene_135_L2R_rgb_38.png,0
..\data\unlabeled\Scene_135\10\Scene_135_L2R_rgb_4.png,1
..\data\unlabeled\Scene_135\10\Scene_135_L2R_rgb_5.png,0
..\data\unlabeled\Scene_135\10\Scene_135_L2R_rgb_6.png,1
..\data\unlabeled\Scene_135\10\Scene_135_L2R_rgb_7.png,1
..\data\unlabeled\Scene_135\10\Scene_135_L2R_rgb_8.png,1
..\data\unlabeled\Scene_135\10\Scene_135_L2R_rgb_9.png,1
..\data\unlabeled\Scene_136\10\Scene_136_L2R_rgb_1.png,0
..\data\unlabeled\Scene_136\10\Scene_136_L2R_rgb_10.png,0
..\data\unlabeled\Scene_136\10\Scene_136_L2R_rgb_11.png,0
..\data\unlabeled\Scene_136\10\Scene_136_L2R_rgb_12.png,0
..\data\unlabeled\Scene_136\10\Scene_136_L2R_rgb_13.png,0
..\data\unlabeled\Scene_136\10\Scene_136_L2R_rgb_14.png,0
..\data\unlabeled\Scene_136\10\Scene_136_L2R_rgb_15.png,0
..\data\unlabeled\Scene_136\10\Scene_136_L2R_rgb_16.png,0
..\data\unlabeled\Scene_136\10\Scene_136_L2R_rgb_17.png,0
..\data\unlabeled\Scene_136\10\Scene_136_L2R_rgb_18.png,0
..\data\unlabeled\Scene_136\10\Scene_136_L2R_rgb_19.png,0
..\data\unlabeled\Scene_136\10\Scene_136_L2R_rgb_2.png,0
..\data\unlabeled\Scene_136\10\Scene_136_L2R_rgb_20.png,0
..\data\unlabeled\Scene_136\10\Scene_136_L2R_rgb_21.png,0
..\data\unlabeled\Scene_136\10\Scene_136_L2R_rgb_22.png,0
..\data\unlabeled\Scene_136\10\Scene_136_L2R_rgb_23.png,0
..\data\unlabeled\Scene_136\10\Scene_136_L2R_rgb_24.png,0
..\data\unlabeled\Scene_136\10\Scene_136_L2R_rgb_25.png,0
..\data\unlabeled\Scene_136\10\Scene_136_L2R_rgb_26.png,0
..\data\unlabeled\Scene_136\10\Scene_136_L2R_rgb_27.png,0
..\data\unlabeled\Scene_136\10\Scene_136_L2R_rgb_28.png,0
..\data\unlabeled\Scene_136\10\Scene_136_L2R_rgb_29.png,0
..\data\unlabeled\Scene_136\10\Scene_136_L2R_rgb_3.png,0
..\data\unlabeled\Scene_136\10\Scene_136_L2R_rgb_30.png,0
..\data\unlabeled\Scene_136\10\Scene_136_L2R_rgb_4.png,0
..\data\unlabeled\Scene_136\10\Scene_136_L2R_rgb_5.png,0
..\data\unlabeled\Scene_136\10\Scene_136_L2R_rgb_6.png,0
..\data\unlabeled\Scene_136\10\Scene_136_L2R_rgb_7.png,0
..\data\unlabeled\Scene_136\10\Scene_136_L2R_rgb_8.png,0
..\data\unlabeled\Scene_136\10\Scene_136_L2R_rgb_9.png,0
..\data\unlabeled\Scene_137\10\Scene_137_L2R_rgb_1.png,0
..\data\unlabeled\Scene_137\10\Scene_137_L2R_rgb_2.png,0
..\data\unlabeled\Scene_137\10\Scene_137_L2R_rgb_3.png,0
..\data\unlabeled\Scene_137\10\Scene_137_L2R_rgb_4.png,0
..\data\unlabeled\Scene_137\10\Scene_137_L2R_rgb_5.png,0
..\data\unlabeled\Scene_137\10\Scene_137_L2R_rgb_6.png,0
..\data\unlabeled\Scene_138\10\Scene_138_L2R_rgb_1.png,1
..\data\unlabeled\Scene_138\10\Scene_138_L2R_rgb_2.png,1
..\data\unlabeled\Scene_138\10\Scene_138_L2R_rgb_3.png,0
..\data\unlabeled\Scene_139\10\Scene_139_L2R_rgb_1.png,1
..\data\unlabeled\Scene_139\10\Scene_139_L2R_rgb_10.png,1
..\data\unlabeled\Scene_139\10\Scene_139_L2R_rgb_11.png,0
..\data\unlabeled\Scene_139\10\Scene_139_L2R_rgb_12.png,1
..\data\unlabeled\Scene_139\10\Scene_139_L2R_rgb_13.png,0
..\data\unlabeled\Scene_139\10\Scene_139_L2R_rgb_14.png,1
..\data\unlabeled\Scene_139\10\Scene_139_L2R_rgb_15.png,0
..\data\unlabeled\Scene_139\10\Scene_139_L2R_rgb_16.png,1
..\data\unlabeled\Scene_139\10\Scene_139_L2R_rgb_17.png,1
..\data\unlabeled\Scene_139\10\Scene_139_L2R_rgb_18.png,1
..\data\unlabeled\Scene_139\10\Scene_139_L2R_rgb_19.png,1
..\data\unlabeled\Scene_139\10\Scene_139_L2R_rgb_2.png,1
..\data\unlabeled\Scene_139\10\Scene_139_L2R_rgb_20.png,1
..\data\unlabeled\Scene_139\10\Scene_139_L2R_rgb_21.png,1
..\data\unlabeled\Scene_139\10\Scene_139_L2R_rgb_22.png,1
..\data\unlabeled\Scene_139\10\Scene_139_L2R_rgb_23.png,1
..\data\unlabeled\Scene_139\10\Scene_139_L2R_rgb_24.png,1
..\data\unlabeled\Scene_139\10\Scene_139_L2R_rgb_25.png,1
..\data\unlabeled\Scene_139\10\Scene_139_L2R_rgb_26.png,0
..\data\unlabeled\Scene_139\10\Scene_139_L2R_rgb_27.png,0
..\data\unlabeled\Scene_139\10\Scene_139_L2R_rgb_28.png,0
..\data\unlabeled\Scene_139\10\Scene_139_L2R_rgb_29.png,0
..\data\unlabeled\Scene_139\10\Scene_139_L2R_rgb_3.png,1
..\data\unlabeled\Scene_139\10\Scene_139_L2R_rgb_30.png,0
..\data\unlabeled\Scene_139\10\Scene_139_L2R_rgb_4.png,1
..\data\unlabeled\Scene_139\10\Scene_139_L2R_rgb_5.png,1
..\data\unlabeled\Scene_139\10\Scene_139_L2R_rgb_6.png,1
..\data\unlabeled\Scene_139\10\Scene_139_L2R_rgb_7.png,1
..\data\unlabeled\Scene_139\10\Scene_139_L2R_rgb_8.png,1
..\data\unlabeled\Scene_139\10\Scene_139_L2R_rgb_9.png,0
..\data\unlabeled\Scene_14\10\Scene_14_L2R_rgb_1.png,0
..\data\unlabeled\Scene_14\10\Scene_14_L2R_rgb_2.png,0
..\data\unlabeled\Scene_14\10\Scene_14_L2R_rgb_3.png,0
..\data\unlabeled\Scene_140\10\Scene_140_L2R_rgb_1.png,1
..\data\unlabeled\Scene_140\10\Scene_140_L2R_rgb_10.png,1
..\data\unlabeled\Scene_140\10\Scene_140_L2R_rgb_11.png,1
..\data\unlabeled\Scene_140\10\Scene_140_L2R_rgb_12.png,1
..\data\unlabeled\Scene_140\10\Scene_140_L2R_rgb_13.png,1
..\data\unlabeled\Scene_140\10\Scene_140_L2R_rgb_14.png,1
..\data\unlabeled\Scene_140\10\Scene_140_L2R_rgb_15.png,1
..\data\unlabeled\Scene_140\10\Scene_140_L2R_rgb_16.png,1
..\data\unlabeled\Scene_140\10\Scene_140_L2R_rgb_17.png,1
..\data\unlabeled\Scene_140\10\Scene_140_L2R_rgb_18.png,1
..\data\unlabeled\Scene_140\10\Scene_140_L2R_rgb_19.png,1
..\data\unlabeled\Scene_140\10\Scene_140_L2R_rgb_2.png,1
..\data\unlabeled\Scene_140\10\Scene_140_L2R_rgb_20.png,1
..\data\unlabeled\Scene_140\10\Scene_140_L2R_rgb_21.png,1
..\data\unlabeled\Scene_140\10\Scene_140_L2R_rgb_3.png,1
..\data\unlabeled\Scene_140\10\Scene_140_L2R_rgb_4.png,1
..\data\unlabeled\Scene_140\10\Scene_140_L2R_rgb_5.png,1
..\data\unlabeled\Scene_140\10\Scene_140_L2R_rgb_6.png,1
..\data\unlabeled\Scene_140\10\Scene_140_L2R_rgb_7.png,1
..\data\unlabeled\Scene_140\10\Scene_140_L2R_rgb_8.png,1
..\data\unlabeled\Scene_140\10\Scene_140_L2R_rgb_9.png,1
..\data\unlabeled\Scene_141\10\Scene_141_L2R_rgb_1.png,1
..\data\unlabeled\Scene_141\10\Scene_141_L2R_rgb_10.png,1
..\data\unlabeled\Scene_141\10\Scene_141_L2R_rgb_11.png,1
..\data\unlabeled\Scene_141\10\Scene_141_L2R_rgb_12.png,1
..\data\unlabeled\Scene_141\10\Scene_141_L2R_rgb_13.png,1
..\data\unlabeled\Scene_141\10\Scene_141_L2R_rgb_14.png,1
..\data\unlabeled\Scene_141\10\Scene_141_L2R_rgb_15.png,1
..\data\unlabeled\Scene_141\10\Scene_141_L2R_rgb_16.png,1
..\data\unlabeled\Scene_141\10\Scene_141_L2R_rgb_17.png,1
..\data\unlabeled\Scene_141\10\Scene_141_L2R_rgb_18.png,1
..\data\unlabeled\Scene_141\10\Scene_141_L2R_rgb_19.png,1
..\data\unlabeled\Scene_141\10\Scene_141_L2R_rgb_2.png,1
..\data\unlabeled\Scene_141\10\Scene_141_L2R_rgb_20.png,1
..\data\unlabeled\Scene_141\10\Scene_141_L2R_rgb_21.png,1
..\data\unlabeled\Scene_141\10\Scene_141_L2R_rgb_22.png,1
..\data\unlabeled\Scene_141\10\Scene_141_L2R_rgb_23.png,0
..\data\unlabeled\Scene_141\10\Scene_141_L2R_rgb_24.png,1
..\data\unlabeled\Scene_141\10\Scene_141_L2R_rgb_25.png,0
..\data\unlabeled\Scene_141\10\Scene_141_L2R_rgb_26.png,0
..\data\unlabeled\Scene_141\10\Scene_141_L2R_rgb_27.png,1
..\data\unlabeled\Scene_141\10\Scene_141_L2R_rgb_28.png,1
..\data\unlabeled\Scene_141\10\Scene_141_L2R_rgb_29.png,0
..\data\unlabeled\Scene_141\10\Scene_141_L2R_rgb_3.png,1
..\data\unlabeled\Scene_141\10\Scene_141_L2R_rgb_30.png,0
..\data\unlabeled\Scene_141\10\Scene_141_L2R_rgb_31.png,0
..\data\unlabeled\Scene_141\10\Scene_141_L2R_rgb_32.png,1
..\data\unlabeled\Scene_141\10\Scene_141_L2R_rgb_33.png,0
..\data\unlabeled\Scene_141\10\Scene_141_L2R_rgb_34.png,0
..\data\unlabeled\Scene_141\10\Scene_141_L2R_rgb_35.png,0
..\data\unlabeled\Scene_141\10\Scene_141_L2R_rgb_36.png,0
..\data\unlabeled\Scene_141\10\Scene_141_L2R_rgb_37.png,0
..\data\unlabeled\Scene_141\10\Scene_141_L2R_rgb_38.png,0
..\data\unlabeled\Scene_141\10\Scene_141_L2R_rgb_39.png,0
..\data\unlabeled\Scene_141\10\Scene_141_L2R_rgb_4.png,1
..\data\unlabeled\Scene_141\10\Scene_141_L2R_rgb_40.png,0
..\data\unlabeled\Scene_141\10\Scene_141_L2R_rgb_41.png,1
..\data\unlabeled\Scene_141\10\Scene_141_L2R_rgb_42.png,1
..\data\unlabeled\Scene_141\10\Scene_141_L2R_rgb_43.png,1
..\data\unlabeled\Scene_141\10\Scene_141_L2R_rgb_44.png,0
..\data\unlabeled\Scene_141\10\Scene_141_L2R_rgb_45.png,1
..\data\unlabeled\Scene_141\10\Scene_141_L2R_rgb_46.png,0
..\data\unlabeled\Scene_141\10\Scene_141_L2R_rgb_47.png,1
..\data\unlabeled\Scene_141\10\Scene_141_L2R_rgb_48.png,1
..\data\unlabeled\Scene_141\10\Scene_141_L2R_rgb_5.png,1
..\data\unlabeled\Scene_141\10\Scene_141_L2R_rgb_6.png,1
..\data\unlabeled\Scene_141\10\Scene_141_L2R_rgb_7.png,1
..\data\unlabeled\Scene_141\10\Scene_141_L2R_rgb_8.png,1
..\data\unlabeled\Scene_141\10\Scene_141_L2R_rgb_9.png,1
..\data\unlabeled\Scene_142\10\Scene_142_L2R_rgb_1.png,1
..\data\unlabeled\Scene_142\10\Scene_142_L2R_rgb_10.png,1
..\data\unlabeled\Scene_142\10\Scene_142_L2R_rgb_11.png,1
..\data\unlabeled\Scene_142\10\Scene_142_L2R_rgb_12.png,1
..\data\unlabeled\Scene_142\10\Scene_142_L2R_rgb_13.png,1
..\data\unlabeled\Scene_142\10\Scene_142_L2R_rgb_14.png,1
..\data\unlabeled\Scene_142\10\Scene_142_L2R_rgb_15.png,1
..\data\unlabeled\Scene_142\10\Scene_142_L2R_rgb_16.png,1
..\data\unlabeled\Scene_142\10\Scene_142_L2R_rgb_17.png,1
..\data\unlabeled\Scene_142\10\Scene_142_L2R_rgb_18.png,1
..\data\unlabeled\Scene_142\10\Scene_142_L2R_rgb_19.png,1
..\data\unlabeled\Scene_142\10\Scene_142_L2R_rgb_2.png,1
..\data\unlabeled\Scene_142\10\Scene_142_L2R_rgb_3.png,1
..\data\unlabeled\Scene_142\10\Scene_142_L2R_rgb_4.png,1
..\data\unlabeled\Scene_142\10\Scene_142_L2R_rgb_5.png,1
..\data\unlabeled\Scene_142\10\Scene_142_L2R_rgb_6.png,1
..\data\unlabeled\Scene_142\10\Scene_142_L2R_rgb_7.png,1
..\data\unlabeled\Scene_142\10\Scene_142_L2R_rgb_8.png,1
..\data\unlabeled\Scene_142\10\Scene_142_L2R_rgb_9.png,1
..\data\unlabeled\Scene_143\10\Scene_143_L2R_rgb_1.png,1
..\data\unlabeled\Scene_143\10\Scene_143_L2R_rgb_2.png,1
..\data\unlabeled\Scene_144\10\Scene_144_L2R_rgb_1.png,1
..\data\unlabeled\Scene_144\10\Scene_144_L2R_rgb_10.png,0
..\data\unlabeled\Scene_144\10\Scene_144_L2R_rgb_11.png,0
..\data\unlabeled\Scene_144\10\Scene_144_L2R_rgb_12.png,0
..\data\unlabeled\Scene_144\10\Scene_144_L2R_rgb_13.png,0
..\data\unlabeled\Scene_144\10\Scene_144_L2R_rgb_2.png,0
..\data\unlabeled\Scene_144\10\Scene_144_L2R_rgb_3.png,1
..\data\unlabeled\Scene_144\10\Scene_144_L2R_rgb_4.png,0
..\data\unlabeled\Scene_144\10\Scene_144_L2R_rgb_5.png,1
..\data\unlabeled\Scene_144\10\Scene_144_L2R_rgb_6.png,1
..\data\unlabeled\Scene_144\10\Scene_144_L2R_rgb_7.png,0
..\data\unlabeled\Scene_144\10\Scene_144_L2R_rgb_8.png,0
..\data\unlabeled\Scene_144\10\Scene_144_L2R_rgb_9.png,1
..\data\unlabeled\Scene_145\10\Scene_145_L2R_rgb_1.png,1
..\data\unlabeled\Scene_145\10\Scene_145_L2R_rgb_10.png,0
..\data\unlabeled\Scene_145\10\Scene_145_L2R_rgb_11.png,0
..\data\unlabeled\Scene_145\10\Scene_145_L2R_rgb_12.png,1
..\data\unlabeled\Scene_145\10\Scene_145_L2R_rgb_13.png,0
..\data\unlabeled\Scene_145\10\Scene_145_L2R_rgb_14.png,1
..\data\unlabeled\Scene_145\10\Scene_145_L2R_rgb_15.png,0
..\data\unlabeled\Scene_145\10\Scene_145_L2R_rgb_16.png,1
..\data\unlabeled\Scene_145\10\Scene_145_L2R_rgb_17.png,0
..\data\unlabeled\Scene_145\10\Scene_145_L2R_rgb_18.png,0
..\data\unlabeled\Scene_145\10\Scene_145_L2R_rgb_19.png,0
..\data\unlabeled\Scene_145\10\Scene_145_L2R_rgb_2.png,0
..\data\unlabeled\Scene_145\10\Scene_145_L2R_rgb_20.png,0
..\data\unlabeled\Scene_145\10\Scene_145_L2R_rgb_21.png,0
..\data\unlabeled\Scene_145\10\Scene_145_L2R_rgb_22.png,0
..\data\unlabeled\Scene_145\10\Scene_145_L2R_rgb_23.png,0
..\data\unlabeled\Scene_145\10\Scene_145_L2R_rgb_24.png,1
..\data\unlabeled\Scene_145\10\Scene_145_L2R_rgb_25.png,0
..\data\unlabeled\Scene_145\10\Scene_145_L2R_rgb_26.png,0
..\data\unlabeled\Scene_145\10\Scene_145_L2R_rgb_3.png,0
..\data\unlabeled\Scene_145\10\Scene_145_L2R_rgb_4.png,0
..\data\unlabeled\Scene_145\10\Scene_145_L2R_rgb_5.png,0
..\data\unlabeled\Scene_145\10\Scene_145_L2R_rgb_6.png,0
..\data\unlabeled\Scene_145\10\Scene_145_L2R_rgb_7.png,0
..\data\unlabeled\Scene_145\10\Scene_145_L2R_rgb_8.png,0
..\data\unlabeled\Scene_145\10\Scene_145_L2R_rgb_9.png,0
..\data\unlabeled\Scene_146\10\Scene_146_L2R_rgb_1.png,1
..\data\unlabeled\Scene_146\10\Scene_146_L2R_rgb_2.png,1
..\data\unlabeled\Scene_146\10\Scene_146_L2R_rgb_3.png,1
..\data\unlabeled\Scene_146\10\Scene_146_L2R_rgb_4.png,1
..\data\unlabeled\Scene_146\10\Scene_146_L2R_rgb_5.png,1
..\data\unlabeled\Scene_146\10\Scene_146_L2R_rgb_6.png,1
..\data\unlabeled\Scene_146\10\Scene_146_L2R_rgb_7.png,1
..\data\unlabeled\Scene_146\10\Scene_146_L2R_rgb_8.png,1
..\data\unlabeled\Scene_147\10\Scene_147_L2R_rgb_1.png,1
..\data\unlabeled\Scene_147\10\Scene_147_L2R_rgb_2.png,1
..\data\unlabeled\Scene_147\10\Scene_147_L2R_rgb_3.png,1
..\data\unlabeled\Scene_147\10\Scene_147_L2R_rgb_4.png,1
..\data\unlabeled\Scene_148\10\Scene_148_L2R_rgb_1.png,1
..\data\unlabeled\Scene_148\10\Scene_148_L2R_rgb_2.png,1
..\data\unlabeled\Scene_148\10\Scene_148_L2R_rgb_3.png,1
..\data\unlabeled\Scene_148\10\Scene_148_L2R_rgb_4.png,1
..\data\unlabeled\Scene_148\10\Scene_148_L2R_rgb_5.png,1
..\data\unlabeled\Scene_148\10\Scene_148_L2R_rgb_6.png,1
..\data\unlabeled\Scene_148\10\Scene_148_L2R_rgb_7.png,1
..\data\unlabeled\Scene_148\10\Scene_148_L2R_rgb_8.png,1
..\data\unlabeled\Scene_149\10\Scene_149_L2R_rgb_1.png,0
..\data\unlabeled\Scene_149\10\Scene_149_L2R_rgb_2.png,0
..\data\unlabeled\Scene_15\10\Scene_15_L2R_rgb_1.png,1
..\data\unlabeled\Scene_15\10\Scene_15_L2R_rgb_2.png,1
..\data\unlabeled\Scene_15\10\Scene_15_L2R_rgb_3.png,1
..\data\unlabeled\Scene_15\10\Scene_15_L2R_rgb_4.png,1
..\data\unlabeled\Scene_15\10\Scene_15_L2R_rgb_5.png,1
..\data\unlabeled\Scene_15\10\Scene_15_L2R_rgb_6.png,1
..\data\unlabeled\Scene_15\10\Scene_15_L2R_rgb_7.png,1
..\data\unlabeled\Scene_150\10\Scene_150_L2R_rgb_1.png,0
..\data\unlabeled\Scene_150\10\Scene_150_L2R_rgb_10.png,1
..\data\unlabeled\Scene_150\10\Scene_150_L2R_rgb_11.png,1
..\data\unlabeled\Scene_150\10\Scene_150_L2R_rgb_12.png,1
..\data\unlabeled\Scene_150\10\Scene_150_L2R_rgb_13.png,1
..\data\unlabeled\Scene_150\10\Scene_150_L2R_rgb_14.png,1
..\data\unlabeled\Scene_150\10\Scene_150_L2R_rgb_15.png,0
..\data\unlabeled\Scene_150\10\Scene_150_L2R_rgb_2.png,1
..\data\unlabeled\Scene_150\10\Scene_150_L2R_rgb_3.png,0
..\data\unlabeled\Scene_150\10\Scene_150_L2R_rgb_4.png,0
..\data\unlabeled\Scene_150\10\Scene_150_L2R_rgb_5.png,1
..\data\unlabeled\Scene_150\10\Scene_150_L2R_rgb_6.png,1
..\data\unlabeled\Scene_150\10\Scene_150_L2R_rgb_7.png,1
..\data\unlabeled\Scene_150\10\Scene_150_L2R_rgb_8.png,1
..\data\unlabeled\Scene_150\10\Scene_150_L2R_rgb_9.png,1
..\data\unlabeled\Scene_151\10\Scene_151_L2R_rgb_1.png,0
..\data\unlabeled\Scene_151\10\Scene_151_L2R_rgb_2.png,0
..\data\unlabeled\Scene_151\10\Scene_151_L2R_rgb_3.png,0
..\data\unlabeled\Scene_151\10\Scene_151_L2R_rgb_4.png,0
..\data\unlabeled\Scene_151\10\Scene_151_L2R_rgb_5.png,0
..\data\unlabeled\Scene_151\10\Scene_151_L2R_rgb_6.png,1
..\data\unlabeled\Scene_151\10\Scene_151_L2R_rgb_7.png,0
..\data\unlabeled\Scene_152\10\Scene_152_L2R_rgb_1.png,1
..\data\unlabeled\Scene_152\10\Scene_152_L2R_rgb_10.png,1
..\data\unlabeled\Scene_152\10\Scene_152_L2R_rgb_11.png,0
..\data\unlabeled\Scene_152\10\Scene_152_L2R_rgb_12.png,1
..\data\unlabeled\Scene_152\10\Scene_152_L2R_rgb_13.png,1
..\data\unlabeled\Scene_152\10\Scene_152_L2R_rgb_14.png,1
..\data\unlabeled\Scene_152\10\Scene_152_L2R_rgb_15.png,1
..\data\unlabeled\Scene_152\10\Scene_152_L2R_rgb_16.png,1
..\data\unlabeled\Scene_152\10\Scene_152_L2R_rgb_17.png,1
..\data\unlabeled\Scene_152\10\Scene_152_L2R_rgb_18.png,1
..\data\unlabeled\Scene_152\10\Scene_152_L2R_rgb_19.png,1
..\data\unlabeled\Scene_152\10\Scene_152_L2R_rgb_2.png,1
..\data\unlabeled\Scene_152\10\Scene_152_L2R_rgb_20.png,0
..\data\unlabeled\Scene_152\10\Scene_152_L2R_rgb_21.png,1
..\data\unlabeled\Scene_152\10\Scene_152_L2R_rgb_22.png,1
..\data\unlabeled\Scene_152\10\Scene_152_L2R_rgb_23.png,1
..\data\unlabeled\Scene_152\10\Scene_152_L2R_rgb_24.png,1
..\data\unlabeled\Scene_152\10\Scene_152_L2R_rgb_25.png,1
..\data\unlabeled\Scene_152\10\Scene_152_L2R_rgb_26.png,1
..\data\unlabeled\Scene_152\10\Scene_152_L2R_rgb_27.png,1
..\data\unlabeled\Scene_152\10\Scene_152_L2R_rgb_28.png,1
..\data\unlabeled\Scene_152\10\Scene_152_L2R_rgb_3.png,1
..\data\unlabeled\Scene_152\10\Scene_152_L2R_rgb_4.png,0
..\data\unlabeled\Scene_152\10\Scene_152_L2R_rgb_5.png,1
..\data\unlabeled\Scene_152\10\Scene_152_L2R_rgb_6.png,1
..\data\unlabeled\Scene_152\10\Scene_152_L2R_rgb_7.png,1
..\data\unlabeled\Scene_152\10\Scene_152_L2R_rgb_8.png,1
..\data\unlabeled\Scene_152\10\Scene_152_L2R_rgb_9.png,1
..\data\unlabeled\Scene_153\10\Scene_153_L2R_rgb_1.png,0
..\data\unlabeled\Scene_153\10\Scene_153_L2R_rgb_10.png,0
..\data\unlabeled\Scene_153\10\Scene_153_L2R_rgb_11.png,0
..\data\unlabeled\Scene_153\10\Scene_153_L2R_rgb_12.png,0
..\data\unlabeled\Scene_153\10\Scene_153_L2R_rgb_13.png,0
..\data\unlabeled\Scene_153\10\Scene_153_L2R_rgb_14.png,0
..\data\unlabeled\Scene_153\10\Scene_153_L2R_rgb_2.png,0
..\data\unlabeled\Scene_153\10\Scene_153_L2R_rgb_3.png,0
..\data\unlabeled\Scene_153\10\Scene_153_L2R_rgb_4.png,0
..\data\unlabeled\Scene_153\10\Scene_153_L2R_rgb_5.png,0
..\data\unlabeled\Scene_153\10\Scene_153_L2R_rgb_6.png,0
..\data\unlabeled\Scene_153\10\Scene_153_L2R_rgb_7.png,0
..\data\unlabeled\Scene_153\10\Scene_153_L2R_rgb_8.png,0
..\data\unlabeled\Scene_153\10\Scene_153_L2R_rgb_9.png,0
..\data\unlabeled\Scene_154\10\Scene_154_L2R_rgb_1.png,0
..\data\unlabeled\Scene_154\10\Scene_154_L2R_rgb_10.png,0
..\data\unlabeled\Scene_154\10\Scene_154_L2R_rgb_11.png,0
..\data\unlabeled\Scene_154\10\Scene_154_L2R_rgb_12.png,0
..\data\unlabeled\Scene_154\10\Scene_154_L2R_rgb_13.png,0
..\data\unlabeled\Scene_154\10\Scene_154_L2R_rgb_14.png,0
..\data\unlabeled\Scene_154\10\Scene_154_L2R_rgb_15.png,1
..\data\unlabeled\Scene_154\10\Scene_154_L2R_rgb_2.png,0
..\data\unlabeled\Scene_154\10\Scene_154_L2R_rgb_3.png,1
..\data\unlabeled\Scene_154\10\Scene_154_L2R_rgb_4.png,0
..\data\unlabeled\Scene_154\10\Scene_154_L2R_rgb_5.png,0
..\data\unlabeled\Scene_154\10\Scene_154_L2R_rgb_6.png,0
..\data\unlabeled\Scene_154\10\Scene_154_L2R_rgb_7.png,0
..\data\unlabeled\Scene_154\10\Scene_154_L2R_rgb_8.png,0
..\data\unlabeled\Scene_154\10\Scene_154_L2R_rgb_9.png,1
..\data\unlabeled\Scene_155\10\Scene_155_L2R_rgb_1.png,0
..\data\unlabeled\Scene_155\10\Scene_155_L2R_rgb_2.png,0
..\data\unlabeled\Scene_155\10\Scene_155_L2R_rgb_3.png,0
..\data\unlabeled\Scene_155\10\Scene_155_L2R_rgb_4.png,0
..\data\unlabeled\Scene_155\10\Scene_155_L2R_rgb_5.png,0
..\data\unlabeled\Scene_155\10\Scene_155_L2R_rgb_6.png,0
..\data\unlabeled\Scene_155\10\Scene_155_L2R_rgb_7.png,0
..\data\unlabeled\Scene_156\10\Scene_156_L2R_rgb_1.png,1
..\data\unlabeled\Scene_156\10\Scene_156_L2R_rgb_10.png,0
..\data\unlabeled\Scene_156\10\Scene_156_L2R_rgb_11.png,1
..\data\unlabeled\Scene_156\10\Scene_156_L2R_rgb_12.png,0
..\data\unlabeled\Scene_156\10\Scene_156_L2R_rgb_13.png,1
..\data\unlabeled\Scene_156\10\Scene_156_L2R_rgb_14.png,0
..\data\unlabeled\Scene_156\10\Scene_156_L2R_rgb_15.png,0
..\data\unlabeled\Scene_156\10\Scene_156_L2R_rgb_16.png,0
..\data\unlabeled\Scene_156\10\Scene_156_L2R_rgb_17.png,0
..\data\unlabeled\Scene_156\10\Scene_156_L2R_rgb_2.png,1
..\data\unlabeled\Scene_156\10\Scene_156_L2R_rgb_3.png,0
..\data\unlabeled\Scene_156\10\Scene_156_L2R_rgb_4.png,0
..\data\unlabeled\Scene_156\10\Scene_156_L2R_rgb_5.png,1
..\data\unlabeled\Scene_156\10\Scene_156_L2R_rgb_6.png,1
..\data\unlabeled\Scene_156\10\Scene_156_L2R_rgb_7.png,0
..\data\unlabeled\Scene_156\10\Scene_156_L2R_rgb_8.png,1
..\data\unlabeled\Scene_156\10\Scene_156_L2R_rgb_9.png,1
..\data\unlabeled\Scene_157\10\Scene_157_L2R_rgb_1.png,1
..\data\unlabeled\Scene_157\10\Scene_157_L2R_rgb_10.png,1
..\data\unlabeled\Scene_157\10\Scene_157_L2R_rgb_11.png,1
..\data\unlabeled\Scene_157\10\Scene_157_L2R_rgb_12.png,1
..\data\unlabeled\Scene_157\10\Scene_157_L2R_rgb_13.png,1
..\data\unlabeled\Scene_157\10\Scene_157_L2R_rgb_14.png,1
..\data\unlabeled\Scene_157\10\Scene_157_L2R_rgb_15.png,1
..\data\unlabeled\Scene_157\10\Scene_157_L2R_rgb_16.png,1
..\data\unlabeled\Scene_157\10\Scene_157_L2R_rgb_17.png,1
..\data\unlabeled\Scene_157\10\Scene_157_L2R_rgb_18.png,1
..\data\unlabeled\Scene_157\10\Scene_157_L2R_rgb_19.png,1
..\data\unlabeled\Scene_157\10\Scene_157_L2R_rgb_2.png,1
..\data\unlabeled\Scene_157\10\Scene_157_L2R_rgb_20.png,0
..\data\unlabeled\Scene_157\10\Scene_157_L2R_rgb_21.png,1
..\data\unlabeled\Scene_157\10\Scene_157_L2R_rgb_22.png,1
..\data\unlabeled\Scene_157\10\Scene_157_L2R_rgb_23.png,1
..\data\unlabeled\Scene_157\10\Scene_157_L2R_rgb_24.png,1
..\data\unlabeled\Scene_157\10\Scene_157_L2R_rgb_25.png,1
..\data\unlabeled\Scene_157\10\Scene_157_L2R_rgb_26.png,0
..\data\unlabeled\Scene_157\10\Scene_157_L2R_rgb_27.png,0
..\data\unlabeled\Scene_157\10\Scene_157_L2R_rgb_28.png,1
..\data\unlabeled\Scene_157\10\Scene_157_L2R_rgb_29.png,0
..\data\unlabeled\Scene_157\10\Scene_157_L2R_rgb_3.png,1
..\data\unlabeled\Scene_157\10\Scene_157_L2R_rgb_30.png,0
..\data\unlabeled\Scene_157\10\Scene_157_L2R_rgb_31.png,1
..\data\unlabeled\Scene_157\10\Scene_157_L2R_rgb_32.png,1
..\data\unlabeled\Scene_157\10\Scene_157_L2R_rgb_33.png,1
..\data\unlabeled\Scene_157\10\Scene_157_L2R_rgb_34.png,0
..\data\unlabeled\Scene_157\10\Scene_157_L2R_rgb_35.png,0
..\data\unlabeled\Scene_157\10\Scene_157_L2R_rgb_36.png,1
..\data\unlabeled\Scene_157\10\Scene_157_L2R_rgb_37.png,0
..\data\unlabeled\Scene_157\10\Scene_157_L2R_rgb_38.png,1
..\data\unlabeled\Scene_157\10\Scene_157_L2R_rgb_39.png,1
..\data\unlabeled\Scene_157\10\Scene_157_L2R_rgb_4.png,1
..\data\unlabeled\Scene_157\10\Scene_157_L2R_rgb_40.png,1
..\data\unlabeled\Scene_157\10\Scene_157_L2R_rgb_41.png,0
..\data\unlabeled\Scene_157\10\Scene_157_L2R_rgb_42.png,0
..\data\unlabeled\Scene_157\10\Scene_157_L2R_rgb_43.png,0
..\data\unlabeled\Scene_157\10\Scene_157_L2R_rgb_44.png,0
..\data\unlabeled\Scene_157\10\Scene_157_L2R_rgb_45.png,0
..\data\unlabeled\Scene_157\10\Scene_157_L2R_rgb_5.png,1
..\data\unlabeled\Scene_157\10\Scene_157_L2R_rgb_6.png,1
..\data\unlabeled\Scene_157\10\Scene_157_L2R_rgb_7.png,0
..\data\unlabeled\Scene_157\10\Scene_157_L2R_rgb_8.png,0
..\data\unlabeled\Scene_157\10\Scene_157_L2R_rgb_9.png,1
..\data\unlabeled\Scene_158\10\Scene_158_L2R_rgb_1.png,1
..\data\unlabeled\Scene_158\10\Scene_158_L2R_rgb_2.png,1
..\data\unlabeled\Scene_158\10\Scene_158_L2R_rgb_3.png,1
..\data\unlabeled\Scene_158\10\Scene_158_L2R_rgb_4.png,1
..\data\unlabeled\Scene_159\10\Scene_159_L2R_rgb_1.png,0
..\data\unlabeled\Scene_159\10\Scene_159_L2R_rgb_10.png,0
..\data\unlabeled\Scene_159\10\Scene_159_L2R_rgb_2.png,1
..\data\unlabeled\Scene_159\10\Scene_159_L2R_rgb_3.png,0
..\data\unlabeled\Scene_159\10\Scene_159_L2R_rgb_4.png,1
..\data\unlabeled\Scene_159\10\Scene_159_L2R_rgb_5.png,0
..\data\unlabeled\Scene_159\10\Scene_159_L2R_rgb_6.png,0
..\data\unlabeled\Scene_159\10\Scene_159_L2R_rgb_7.png,0
..\data\unlabeled\Scene_159\10\Scene_159_L2R_rgb_8.png,0
..\data\unlabeled\Scene_159\10\Scene_159_L2R_rgb_9.png,0
..\data\unlabeled\Scene_16\10\Scene_16_L2R_rgb_1.png,1
..\data\unlabeled\Scene_16\10\Scene_16_L2R_rgb_10.png,1
..\data\unlabeled\Scene_16\10\Scene_16_L2R_rgb_11.png,1
..\data\unlabeled\Scene_16\10\Scene_16_L2R_rgb_12.png,1
..\data\unlabeled\Scene_16\10\Scene_16_L2R_rgb_13.png,1
..\data\unlabeled\Scene_16\10\Scene_16_L2R_rgb_14.png,1
..\data\unlabeled\Scene_16\10\Scene_16_L2R_rgb_15.png,1
..\data\unlabeled\Scene_16\10\Scene_16_L2R_rgb_16.png,1
..\data\unlabeled\Scene_16\10\Scene_16_L2R_rgb_17.png,1
..\data\unlabeled\Scene_16\10\Scene_16_L2R_rgb_18.png,1
..\data\unlabeled\Scene_16\10\Scene_16_L2R_rgb_19.png,1
..\data\unlabeled\Scene_16\10\Scene_16_L2R_rgb_2.png,1
..\data\unlabeled\Scene_16\10\Scene_16_L2R_rgb_20.png,1
..\data\unlabeled\Scene_16\10\Scene_16_L2R_rgb_21.png,0
..\data\unlabeled\Scene_16\10\Scene_16_L2R_rgb_22.png,1
..\data\unlabeled\Scene_16\10\Scene_16_L2R_rgb_3.png,1
..\data\unlabeled\Scene_16\10\Scene_16_L2R_rgb_4.png,1
..\data\unlabeled\Scene_16\10\Scene_16_L2R_rgb_5.png,1
..\data\unlabeled\Scene_16\10\Scene_16_L2R_rgb_6.png,1
..\data\unlabeled\Scene_16\10\Scene_16_L2R_rgb_7.png,1
..\data\unlabeled\Scene_16\10\Scene_16_L2R_rgb_8.png,1
..\data\unlabeled\Scene_16\10\Scene_16_L2R_rgb_9.png,1
..\data\unlabeled\Scene_160\10\Scene_160_L2R_rgb_1.png,1
..\data\unlabeled\Scene_160\10\Scene_160_L2R_rgb_10.png,1
..\data\unlabeled\Scene_160\10\Scene_160_L2R_rgb_11.png,1
..\data\unlabeled\Scene_160\10\Scene_160_L2R_rgb_12.png,1
..\data\unlabeled\Scene_160\10\Scene_160_L2R_rgb_13.png,1
..\data\unlabeled\Scene_160\10\Scene_160_L2R_rgb_14.png,1
..\data\unlabeled\Scene_160\10\Scene_160_L2R_rgb_15.png,1
..\data\unlabeled\Scene_160\10\Scene_160_L2R_rgb_16.png,1
..\data\unlabeled\Scene_160\10\Scene_160_L2R_rgb_17.png,1
..\data\unlabeled\Scene_160\10\Scene_160_L2R_rgb_18.png,1
..\data\unlabeled\Scene_160\10\Scene_160_L2R_rgb_19.png,1
..\data\unlabeled\Scene_160\10\Scene_160_L2R_rgb_2.png,1
..\data\unlabeled\Scene_160\10\Scene_160_L2R_rgb_20.png,1
..\data\unlabeled\Scene_160\10\Scene_160_L2R_rgb_21.png,1
..\data\unlabeled\Scene_160\10\Scene_160_L2R_rgb_22.png,1
..\data\unlabeled\Scene_160\10\Scene_160_L2R_rgb_23.png,1
..\data\unlabeled\Scene_160\10\Scene_160_L2R_rgb_24.png,0
..\data\unlabeled\Scene_160\10\Scene_160_L2R_rgb_25.png,0
..\data\unlabeled\Scene_160\10\Scene_160_L2R_rgb_26.png,0
..\data\unlabeled\Scene_160\10\Scene_160_L2R_rgb_27.png,0
..\data\unlabeled\Scene_160\10\Scene_160_L2R_rgb_28.png,0
..\data\unlabeled\Scene_160\10\Scene_160_L2R_rgb_29.png,0
..\data\unlabeled\Scene_160\10\Scene_160_L2R_rgb_3.png,1
..\data\unlabeled\Scene_160\10\Scene_160_L2R_rgb_30.png,0
..\data\unlabeled\Scene_160\10\Scene_160_L2R_rgb_31.png,1
..\data\unlabeled\Scene_160\10\Scene_160_L2R_rgb_32.png,1
..\data\unlabeled\Scene_160\10\Scene_160_L2R_rgb_33.png,0
..\data\unlabeled\Scene_160\10\Scene_160_L2R_rgb_34.png,0
..\data\unlabeled\Scene_160\10\Scene_160_L2R_rgb_35.png,1
..\data\unlabeled\Scene_160\10\Scene_160_L2R_rgb_36.png,0
..\data\unlabeled\Scene_160\10\Scene_160_L2R_rgb_37.png,0
..\data\unlabeled\Scene_160\10\Scene_160_L2R_rgb_4.png,0
..\data\unlabeled\Scene_160\10\Scene_160_L2R_rgb_5.png,1
..\data\unlabeled\Scene_160\10\Scene_160_L2R_rgb_6.png,1
..\data\unlabeled\Scene_160\10\Scene_160_L2R_rgb_7.png,1
..\data\unlabeled\Scene_160\10\Scene_160_L2R_rgb_8.png,1
..\data\unlabeled\Scene_160\10\Scene_160_L2R_rgb_9.png,0
..\data\unlabeled\Scene_161\10\Scene_161_L2R_rgb_1.png,1
..\data\unlabeled\Scene_161\10\Scene_161_L2R_rgb_10.png,1
..\data\unlabeled\Scene_161\10\Scene_161_L2R_rgb_11.png,1
..\data\unlabeled\Scene_161\10\Scene_161_L2R_rgb_12.png,1
..\data\unlabeled\Scene_161\10\Scene_161_L2R_rgb_13.png,1
..\data\unlabeled\Scene_161\10\Scene_161_L2R_rgb_14.png,1
..\data\unlabeled\Scene_161\10\Scene_161_L2R_rgb_2.png,1
..\data\unlabeled\Scene_161\10\Scene_161_L2R_rgb_3.png,1
..\data\unlabeled\Scene_161\10\Scene_161_L2R_rgb_4.png,1
..\data\unlabeled\Scene_161\10\Scene_161_L2R_rgb_5.png,1
..\data\unlabeled\Scene_161\10\Scene_161_L2R_rgb_6.png,1
..\data\unlabeled\Scene_161\10\Scene_161_L2R_rgb_7.png,1
..\data\unlabeled\Scene_161\10\Scene_161_L2R_rgb_8.png,1
..\data\unlabeled\Scene_161\10\Scene_161_L2R_rgb_9.png,1
..\data\unlabeled\Scene_162\10\Scene_162_L2R_rgb_1.png,1
..\data\unlabeled\Scene_162\10\Scene_162_L2R_rgb_10.png,1
..\data\unlabeled\Scene_162\10\Scene_162_L2R_rgb_11.png,1
..\data\unlabeled\Scene_162\10\Scene_162_L2R_rgb_12.png,1
..\data\unlabeled\Scene_162\10\Scene_162_L2R_rgb_13.png,1
..\data\unlabeled\Scene_162\10\Scene_162_L2R_rgb_14.png,1
..\data\unlabeled\Scene_162\10\Scene_162_L2R_rgb_15.png,1
..\data\unlabeled\Scene_162\10\Scene_162_L2R_rgb_16.png,1
..\data\unlabeled\Scene_162\10\Scene_162_L2R_rgb_17.png,1
..\data\unlabeled\Scene_162\10\Scene_162_L2R_rgb_18.png,1
..\data\unlabeled\Scene_162\10\Scene_162_L2R_rgb_19.png,1
..\data\unlabeled\Scene_162\10\Scene_162_L2R_rgb_2.png,1
..\data\unlabeled\Scene_162\10\Scene_162_L2R_rgb_20.png,1
..\data\unlabeled\Scene_162\10\Scene_162_L2R_rgb_21.png,1
..\data\unlabeled\Scene_162\10\Scene_162_L2R_rgb_22.png,1
..\data\unlabeled\Scene_162\10\Scene_162_L2R_rgb_23.png,1
..\data\unlabeled\Scene_162\10\Scene_162_L2R_rgb_24.png,1
..\data\unlabeled\Scene_162\10\Scene_162_L2R_rgb_25.png,1
..\data\unlabeled\Scene_162\10\Scene_162_L2R_rgb_26.png,1
..\data\unlabeled\Scene_162\10\Scene_162_L2R_rgb_3.png,1
..\data\unlabeled\Scene_162\10\Scene_162_L2R_rgb_4.png,1
..\data\unlabeled\Scene_162\10\Scene_162_L2R_rgb_5.png,0
..\data\unlabeled\Scene_162\10\Scene_162_L2R_rgb_6.png,0
..\data\unlabeled\Scene_162\10\Scene_162_L2R_rgb_7.png,1
..\data\unlabeled\Scene_162\10\Scene_162_L2R_rgb_8.png,1
..\data\unlabeled\Scene_162\10\Scene_162_L2R_rgb_9.png,0
..\data\unlabeled\Scene_163\10\Scene_163_L2R_rgb_1.png,1
..\data\unlabeled\Scene_163\10\Scene_163_L2R_rgb_10.png,1
..\data\unlabeled\Scene_163\10\Scene_163_L2R_rgb_11.png,1
..\data\unlabeled\Scene_163\10\Scene_163_L2R_rgb_12.png,1
..\data\unlabeled\Scene_163\10\Scene_163_L2R_rgb_13.png,1
..\data\unlabeled\Scene_163\10\Scene_163_L2R_rgb_14.png,1
..\data\unlabeled\Scene_163\10\Scene_163_L2R_rgb_15.png,1
..\data\unlabeled\Scene_163\10\Scene_163_L2R_rgb_16.png,1
..\data\unlabeled\Scene_163\10\Scene_163_L2R_rgb_17.png,1
..\data\unlabeled\Scene_163\10\Scene_163_L2R_rgb_18.png,1
..\data\unlabeled\Scene_163\10\Scene_163_L2R_rgb_19.png,1
..\data\unlabeled\Scene_163\10\Scene_163_L2R_rgb_2.png,1
..\data\unlabeled\Scene_163\10\Scene_163_L2R_rgb_20.png,1
..\data\unlabeled\Scene_163\10\Scene_163_L2R_rgb_21.png,1
..\data\unlabeled\Scene_163\10\Scene_163_L2R_rgb_22.png,1
..\data\unlabeled\Scene_163\10\Scene_163_L2R_rgb_23.png,1
..\data\unlabeled\Scene_163\10\Scene_163_L2R_rgb_24.png,1
..\data\unlabeled\Scene_163\10\Scene_163_L2R_rgb_25.png,1
..\data\unlabeled\Scene_163\10\Scene_163_L2R_rgb_26.png,1
..\data\unlabeled\Scene_163\10\Scene_163_L2R_rgb_27.png,1
..\data\unlabeled\Scene_163\10\Scene_163_L2R_rgb_28.png,1
..\data\unlabeled\Scene_163\10\Scene_163_L2R_rgb_29.png,1
..\data\unlabeled\Scene_163\10\Scene_163_L2R_rgb_3.png,1
..\data\unlabeled\Scene_163\10\Scene_163_L2R_rgb_30.png,1
..\data\unlabeled\Scene_163\10\Scene_163_L2R_rgb_31.png,1
..\data\unlabeled\Scene_163\10\Scene_163_L2R_rgb_32.png,1
..\data\unlabeled\Scene_163\10\Scene_163_L2R_rgb_33.png,1
..\data\unlabeled\Scene_163\10\Scene_163_L2R_rgb_34.png,1
..\data\unlabeled\Scene_163\10\Scene_163_L2R_rgb_35.png,1
..\data\unlabeled\Scene_163\10\Scene_163_L2R_rgb_4.png,1
..\data\unlabeled\Scene_163\10\Scene_163_L2R_rgb_5.png,1
..\data\unlabeled\Scene_163\10\Scene_163_L2R_rgb_6.png,1
..\data\unlabeled\Scene_163\10\Scene_163_L2R_rgb_7.png,1
..\data\unlabeled\Scene_163\10\Scene_163_L2R_rgb_8.png,1
..\data\unlabeled\Scene_163\10\Scene_163_L2R_rgb_9.png,1
..\data\unlabeled\Scene_164\10\Scene_164_L2R_rgb_1.png,1
..\data\unlabeled\Scene_164\10\Scene_164_L2R_rgb_10.png,1
..\data\unlabeled\Scene_164\10\Scene_164_L2R_rgb_11.png,1
..\data\unlabeled\Scene_164\10\Scene_164_L2R_rgb_12.png,1
..\data\unlabeled\Scene_164\10\Scene_164_L2R_rgb_13.png,1
..\data\unlabeled\Scene_164\10\Scene_164_L2R_rgb_14.png,1
..\data\unlabeled\Scene_164\10\Scene_164_L2R_rgb_15.png,1
..\data\unlabeled\Scene_164\10\Scene_164_L2R_rgb_16.png,0
..\data\unlabeled\Scene_164\10\Scene_164_L2R_rgb_17.png,0
..\data\unlabeled\Scene_164\10\Scene_164_L2R_rgb_18.png,1
..\data\unlabeled\Scene_164\10\Scene_164_L2R_rgb_19.png,0
..\data\unlabeled\Scene_164\10\Scene_164_L2R_rgb_2.png,1
..\data\unlabeled\Scene_164\10\Scene_164_L2R_rgb_20.png,1
..\data\unlabeled\Scene_164\10\Scene_164_L2R_rgb_3.png,1
..\data\unlabeled\Scene_164\10\Scene_164_L2R_rgb_4.png,1
..\data\unlabeled\Scene_164\10\Scene_164_L2R_rgb_5.png,1
..\data\unlabeled\Scene_164\10\Scene_164_L2R_rgb_6.png,1
..\data\unlabeled\Scene_164\10\Scene_164_L2R_rgb_7.png,0
..\data\unlabeled\Scene_164\10\Scene_164_L2R_rgb_8.png,0
..\data\unlabeled\Scene_164\10\Scene_164_L2R_rgb_9.png,1
..\data\unlabeled\Scene_165\10\Scene_165_L2R_rgb_1.png,1
..\data\unlabeled\Scene_165\10\Scene_165_L2R_rgb_2.png,1
..\data\unlabeled\Scene_165\10\Scene_165_L2R_rgb_3.png,1
..\data\unlabeled\Scene_165\10\Scene_165_L2R_rgb_4.png,0
..\data\unlabeled\Scene_165\10\Scene_165_L2R_rgb_5.png,0
..\data\unlabeled\Scene_165\10\Scene_165_L2R_rgb_6.png,1
..\data\unlabeled\Scene_165\10\Scene_165_L2R_rgb_7.png,1
..\data\unlabeled\Scene_165\10\Scene_165_L2R_rgb_8.png,1
..\data\unlabeled\Scene_165\10\Scene_165_L2R_rgb_9.png,0
..\data\unlabeled\Scene_166\10\Scene_166_L2R_rgb_1.png,1
..\data\unlabeled\Scene_166\10\Scene_166_L2R_rgb_10.png,1
..\data\unlabeled\Scene_166\10\Scene_166_L2R_rgb_11.png,1
..\data\unlabeled\Scene_166\10\Scene_166_L2R_rgb_12.png,1
..\data\unlabeled\Scene_166\10\Scene_166_L2R_rgb_13.png,1
..\data\unlabeled\Scene_166\10\Scene_166_L2R_rgb_14.png,1
..\data\unlabeled\Scene_166\10\Scene_166_L2R_rgb_15.png,1
..\data\unlabeled\Scene_166\10\Scene_166_L2R_rgb_16.png,1
..\data\unlabeled\Scene_166\10\Scene_166_L2R_rgb_2.png,1
..\data\unlabeled\Scene_166\10\Scene_166_L2R_rgb_3.png,1
..\data\unlabeled\Scene_166\10\Scene_166_L2R_rgb_4.png,1
..\data\unlabeled\Scene_166\10\Scene_166_L2R_rgb_5.png,1
..\data\unlabeled\Scene_166\10\Scene_166_L2R_rgb_6.png,1
..\data\unlabeled\Scene_166\10\Scene_166_L2R_rgb_7.png,1
..\data\unlabeled\Scene_166\10\Scene_166_L2R_rgb_8.png,1
..\data\unlabeled\Scene_166\10\Scene_166_L2R_rgb_9.png,1
..\data\unlabeled\Scene_167\10\Scene_167_L2R_rgb_1.png,1
..\data\unlabeled\Scene_167\10\Scene_167_L2R_rgb_10.png,1
..\data\unlabeled\Scene_167\10\Scene_167_L2R_rgb_11.png,1
..\data\unlabeled\Scene_167\10\Scene_167_L2R_rgb_12.png,1
..\data\unlabeled\Scene_167\10\Scene_167_L2R_rgb_13.png,1
..\data\unlabeled\Scene_167\10\Scene_167_L2R_rgb_2.png,1
..\data\unlabeled\Scene_167\10\Scene_167_L2R_rgb_3.png,1
..\data\unlabeled\Scene_167\10\Scene_167_L2R_rgb_4.png,1
..\data\unlabeled\Scene_167\10\Scene_167_L2R_rgb_5.png,1
..\data\unlabeled\Scene_167\10\Scene_167_L2R_rgb_6.png,1
..\data\unlabeled\Scene_167\10\Scene_167_L2R_rgb_7.png,1
..\data\unlabeled\Scene_167\10\Scene_167_L2R_rgb_8.png,1
..\data\unlabeled\Scene_167\10\Scene_167_L2R_rgb_9.png,1
..\data\unlabeled\Scene_168\10\Scene_168_L2R_rgb_1.png,1
..\data\unlabeled\Scene_168\10\Scene_168_L2R_rgb_10.png,1
..\data\unlabeled\Scene_168\10\Scene_168_L2R_rgb_11.png,1
..\data\unlabeled\Scene_168\10\Scene_168_L2R_rgb_12.png,0
..\data\unlabeled\Scene_168\10\Scene_168_L2R_rgb_13.png,1
..\data\unlabeled\Scene_168\10\Scene_168_L2R_rgb_2.png,0
..\data\unlabeled\Scene_168\10\Scene_168_L2R_rgb_3.png,1
..\data\unlabeled\Scene_168\10\Scene_168_L2R_rgb_4.png,1
..\data\unlabeled\Scene_168\10\Scene_168_L2R_rgb_5.png,1
..\data\unlabeled\Scene_168\10\Scene_168_L2R_rgb_6.png,1
..\data\unlabeled\Scene_168\10\Scene_168_L2R_rgb_7.png,0
..\data\unlabeled\Scene_168\10\Scene_168_L2R_rgb_8.png,0
..\data\unlabeled\Scene_168\10\Scene_168_L2R_rgb_9.png,1
..\data\unlabeled\Scene_169\10\Scene_169_L2R_rgb_1.png,0
..\data\unlabeled\Scene_169\10\Scene_169_L2R_rgb_10.png,0
..\data\unlabeled\Scene_169\10\Scene_169_L2R_rgb_11.png,1
..\data\unlabeled\Scene_169\10\Scene_169_L2R_rgb_12.png,0
..\data\unlabeled\Scene_169\10\Scene_169_L2R_rgb_13.png,1
..\data\unlabeled\Scene_169\10\Scene_169_L2R_rgb_14.png,0
..\data\unlabeled\Scene_169\10\Scene_169_L2R_rgb_15.png,0
..\data\unlabeled\Scene_169\10\Scene_169_L2R_rgb_16.png,0
..\data\unlabeled\Scene_169\10\Scene_169_L2R_rgb_17.png,0
..\data\unlabeled\Scene_169\10\Scene_169_L2R_rgb_18.png,0
..\data\unlabeled\Scene_169\10\Scene_169_L2R_rgb_19.png,1
..\data\unlabeled\Scene_169\10\Scene_169_L2R_rgb_2.png,1
..\data\unlabeled\Scene_169\10\Scene_169_L2R_rgb_20.png,0
..\data\unlabeled\Scene_169\10\Scene_169_L2R_rgb_21.png,0
..\data\unlabeled\Scene_169\10\Scene_169_L2R_rgb_22.png,0
..\data\unlabeled\Scene_169\10\Scene_169_L2R_rgb_23.png,1
..\data\unlabeled\Scene_169\10\Scene_169_L2R_rgb_24.png,1
..\data\unlabeled\Scene_169\10\Scene_169_L2R_rgb_25.png,0
..\data\unlabeled\Scene_169\10\Scene_169_L2R_rgb_26.png,0
..\data\unlabeled\Scene_169\10\Scene_169_L2R_rgb_27.png,0
..\data\unlabeled\Scene_169\10\Scene_169_L2R_rgb_28.png,0
..\data\unlabeled\Scene_169\10\Scene_169_L2R_rgb_29.png,0
..\data\unlabeled\Scene_169\10\Scene_169_L2R_rgb_3.png,1
..\data\unlabeled\Scene_169\10\Scene_169_L2R_rgb_30.png,0
..\data\unlabeled\Scene_169\10\Scene_169_L2R_rgb_31.png,0
..\data\unlabeled\Scene_169\10\Scene_169_L2R_rgb_4.png,1
..\data\unlabeled\Scene_169\10\Scene_169_L2R_rgb_5.png,1
..\data\unlabeled\Scene_169\10\Scene_169_L2R_rgb_6.png,1
..\data\unlabeled\Scene_169\10\Scene_169_L2R_rgb_7.png,1
..\data\unlabeled\Scene_169\10\Scene_169_L2R_rgb_8.png,0
..\data\unlabeled\Scene_169\10\Scene_169_L2R_rgb_9.png,1
